PlotName,Elev,NDVI,SampleID,N,P,K,Mg,Ca,C,Site,TrapName,PlotID,Species,Qty_C,Qty_N,Qty_P,Molar_C,Molar_N,Molar_P,CNRatio,CPRatio,NPRatio
Bloomfield+F5,78,0.814566672,BL_F5_ABBA,0.63,0.125,0.39,0.11,0.52,51.52,BL,F5,BL+F5,ABBA,0.003394838,4.15E-05,8.24E-06,0.000282651,2.96E-06,2.66E-07,95.36803017,1062.897728,11.14522054
Bloomfield+J1,76,0.769999981,BL_J1_ABBA,0.99,0.125,0.47,0.08,0.97,51.53,BL,J1,BL+J1,ABBA,0.056469707,0.001084902,0.000136983,0.004701617,7.75E-05,4.42E-06,60.70052612,1063.104036,17.51391798
Dunphys Pond+A1,45,0.815466642,DP_A1_ABBA,1.3,0.13,0.99,0.09,0.34,51.43,DP,A1,DP+A1,ABBA,0.016136387,0.000407881,4.08E-05,0.001343501,2.91E-05,1.32E-06,46.13607873,1020.231691,22.11353281
Dunphys Pond+A11,46,0.810400009,DP_A11_ABBA,0.88,0.054,0.54,0.08,0.53,52.17,DP,A11,DP+A11,ABBA,0.063498977,0.001071096,6.57E-05,0.005286867,7.65E-05,2.12E-06,69.13622654,2491.453089,36.03686828
Dunphys Pond+A13,50,0.812266648,DP_A13_ABBA,1.21,0.109,0.88,0.09,0.34,51.2,DP,A13,DP+A13,ABBA,0.251915293,0.005953467,0.000536304,0.020974239,0.000425044,1.73E-05,49.34601633,1211.348485,24.54805018
Dunphys Pond+A3,47,0.83859998,DP_A3_ABBA,0.74,0.044,0.33,0.12,0.58,52.32,DP,A3,DP+A3,ABBA,0.740249012,0.010469883,0.000622534,0.061632462,0.000747491,2.01E-05,82.45244207,3066.483953,37.19094154
Dunphys Pond+A5,50,0.820533335,DP_A5_ABBA ,0.75,0.056,0.38,0.1,0.6,52.71,DP,A5,DP+A5,ABBA,0.027873972,0.000396613,2.96E-05,0.002320762,2.83E-05,9.56E-07,81.95949245,2427.340079,29.61633858
Dunphys Pond+A7,49,0.79096669,DP_A7_ABBA ,1.18,0.057,0.55,0.09,0.51,52.24,DP,A7,DP+A7,ABBA,0.001466933,3.31E-05,1.60E-06,0.000122136,2.37E-06,5.17E-08,51.62840027,2363.490985,45.77889248
Dunphys Pond+C10,55,0.81766665,DP_C10_ABBA,1.07,0.074,0.74,0.08,0.45,50.98,DP,C10,DP+C10,ABBA,0.028071356,0.000589179,4.07E-05,0.002337196,4.21E-05,1.32E-06,55.56272806,1776.616736,31.97497312
Dunphys Pond+C14,59,0.814499974,DP_C14_ABBA,0.94,0.085,0.66,0.08,0.37,51.68,DP,C14,DP+C14,ABBA,0.038176434,0.000694386,6.28E-05,0.003178535,4.96E-05,2.03E-06,64.11537089,1567.939196,24.45496569
Dunphys Pond+C2,51,0.82553333,DP_C2_ABBA ,0.73,0.075,0.34,0.1,0.63,52.2,DP,C2,DP+C2,ABBA,1.423502879,0.019907224,0.002045263,0.11851956,0.001421264,6.60E-05,83.39022591,1794.877763,21.5238386
Dunphys Pond+C4,54,0.84133333,DP_C4_ABBA,1.04,0.085,0.75,0.08,0.29,51.36,DP,C4,DP+C4,ABBA,0.847488932,0.017160991,0.001402581,0.070561161,0.001225199,4.53E-05,57.59160518,1558.230594,27.05655779
Dunphys Pond+C6,56,0.823599994,DP_C6_ABBA,0.91,0.052,0.49,0.1,0.72,52.6,DP,C6,DP+C6,ABBA,0.043552475,0.000753474,4.31E-05,0.00362614,5.38E-05,1.39E-06,67.40806481,2608.603292,38.69868242
Dunphys Pond+E1,58,0.815699995,DP_E1_ABBA,0.73,0.085,0.39,0.09,0.64,52.66,DP,E1,DP+E1,ABBA,0.003650269,5.06E-05,5.89E-06,0.000303918,3.61E-06,1.90E-07,84.1250823,1597.671789,18.9916223
Dunphys Pond+F1,61,0.828433335,DP_F1_ABBA,0.72,0.072,0.53,0.07,0.45,51.93,DP,F1,DP+F1,ABBA,0.386729703,0.005361937,0.000536194,0.032198765,0.000382812,1.73E-05,84.11110406,1859.993659,22.11353281
Dunphys Pond+F11,68,0.827033341,DP_F11_ABBA,0.85,0.06,0.48,0.14,0.34,52.6,DP,F11,DP+F11,ABBA,0.041007376,0.000662667,4.68E-05,0.003414237,4.73E-05,1.51E-06,72.16628114,2260.78952,31.32750481
Dunphys Pond+F13,72,0.797733307,DP_F13_ABBA,0.75,0.069,0.58,0.09,0.48,52.59,DP,F13,DP+F13,ABBA,0.114851012,0.001637921,0.000150689,0.009562391,0.000116938,4.87E-06,81.77290283,1965.530184,24.03644871
Dunphys Pond+F3,65,0.845499992,DP_F3_ABBA ,0.76,0.042,0.37,0.09,0.72,52.62,DP,F3,DP+F3,ABBA,0.857222255,0.012381013,0.000684214,0.071371548,0.000883935,2.21E-05,80.7429772,3230.927337,40.01496413
Dunphys Pond+F5,66,0.837633312,DP_F5_ABBA ,0.77,0.044,0.41,0.08,0.65,52.33,DP,F5,DP+F5,ABBA,0.081146416,0.001194014,6.82E-05,0.006756177,8.52E-05,2.20E-06,79.25515452,3067.070055,38.69868242
Dunphys Pond+F7,67,0.860966682,DP_F7_ABBA ,0.77,0.04,0.45,0.06,0.65,52.32,DP,F7,DP+F7,ABBA,0.033439242,0.00049213,2.56E-05,0.002784121,3.51E-05,8.25E-07,79.24000926,3373.132348,42.56855066
Dunphys Pond+I10,81,0.830966651,DP_I10_ABBA ,1,0.059,0.48,0.09,0.56,52.51,DP,I10,DP+I10,ABBA,0.08023854,0.001528062,9.02E-05,0.006680588,0.000109095,2.91E-06,61.23638231,2295.174151,37.48056408
Dunphys Pond+I12,79,0.81613332,DP_I12_ABBA ,0.8,0.061,0.42,0.12,0.46,52.14,DP,I12,DP+I12,ABBA,0.001869226,2.87E-05,2.19E-06,0.00015563,2.05E-06,7.06E-08,76.00611725,2204.280351,29.0013545
Dunphys Pond+I14,84,0.794766665,DP_I14_ABBA ,0.74,0.063,0.52,0.1,0.44,52.62,DP,I14,DP+I14,ABBA,0.508886562,0.007156519,0.000609271,0.042369434,0.000510935,1.97E-05,82.92521983,2153.951558,25.97462584
Dunphys Pond+I2,73,0.850333333,DP_I2_ABBA,0.99,0.068,0.47,0.11,0.64,52.96,DP,I2,DP+I2,ABBA,9.51876141,0.177937572,0.012221975,0.792523451,0.012703747,0.000394591,62.38501579,2008.467004,32.19470218
Dunphys Pond+I4,76,0.875466645,DP_I4_ABBA,0.81,0.086,0.48,0.09,0.43,52.41,DP,I4,DP+I4,ABBA,0.240485135,0.003716714,0.000394614,0.020022574,0.000265353,1.27E-05,75.45649851,1571.59756,20.8278623
Dunphys Pond+I6,78,0.882333338,DP_I6_ABBA,1.04,0.08,0.57,0.08,0.5,52.4,DP,I6,DP+I6,ABBA,0.36706064,0.007285173,0.000560398,0.030561136,0.000520121,1.81E-05,58.75779033,1689.145022,28.74759265
Dunphys Pond+I8,78,0.873666644,DP_I8_ABBA,1.22,0.14,0.72,0.13,0.59,52.5,DP,I8,DP+I8,ABBA,0.005160831,0.000119928,1.38E-05,0.000429686,8.56E-06,4.44E-07,50.1841971,967.0677604,19.27036431
Dunphys Pond+K1,80,0.847666681,DP_K1_ABBA,0.83,0.058,0.36,0.1,0.44,52.84,DP,K1,DP+K1,ABBA,1.082765946,0.017007868,0.001188502,0.090150112,0.001214267,3.84E-05,74.24243784,2349.418872,31.64522799
Dunphys Pond+L10,93,0.791366696,DP_L10_ABBA,0.82,0.155,0.47,0.11,0.69,52,DP,L10,DP+L10,ABBA,0.015736541,0.000248153,4.69E-05,0.00131021,1.77E-05,1.51E-06,73.95320473,865.1616953,11.6987722
Dunphys Pond+L12,93,0.775600016,DP_L12_ABBA,0.85,0.14,0.67,0.08,0.56,52.31,DP,L12,DP+L12,ABBA,0.089786832,0.001458972,0.000240301,0.00747557,0.000104162,7.76E-06,71.76840621,963.5678961,13.42607349
Dunphys Pond+L14,93,0.779333353,DP_L14_ABBA,0.84,0.128,0.58,0.11,0.64,52.22,DP,L14,DP+L14,ABBA,0.031488116,0.000506511,7.72E-05,0.002621672,3.62E-05,2.49E-06,72.49784359,1052.089134,14.51200591
Dunphys Pond+L2,84,0.841666639,DP_L2_ABBA,0.93,0.07,0.48,0.11,0.43,52.4,DP,L2,DP+L2,ABBA,5.060632192,0.089816564,0.006760387,0.421343651,0.0064124,0.000218262,65.7076365,1930.451453,29.37940788
Dunphys Pond+L4,85,0.859099984,DP_L4_ABBA,0.84,0.068,0.44,0.11,0.62,52.13,DP,L4,DP+L4,ABBA,2.443112242,0.039367241,0.003186872,0.203411312,0.002810601,0.000102889,72.37289518,1976.989896,27.316717
Dunphys Pond+L6,90,0.833333313,DP_L6_ABBA ,0.89,0.095,0.45,0.11,0.69,52.55,DP,L6,DP+L6,ABBA,0.351267627,0.005949157,0.000635022,0.029246224,0.000424737,2.05E-05,68.85733676,1426.509777,20.71688863
Dunphys Pond+L8,91,0.833266675,DP_L8_ABBA ,0.9,0.082,0.4,0.09,0.79,52.28,DP,L8,DP+L8,ABBA,2.465873456,0.042450002,0.003867667,0.20530639,0.003030693,0.000124869,67.74239969,1644.172439,24.27095064
Dunphys Pond+N1,87,0.861800015,DP_N1_ABBA,0.99,0.139,0.74,0.1,0.47,52.13,DP,N1,DP+N1,ABBA,0.581595293,0.011045067,0.001550772,0.048423097,0.000788556,5.01E-05,61.407305,967.1605247,15.74992625
Dunphys Pond+N11,96,0.641600013,DP_N11_ABBA,0.86,0.127,0.58,0.11,0.5,51.92,DP,N11,DP+N11,ABBA,0.429055236,0.007106847,0.0010495,0.03572275,0.000507389,3.39E-05,70.40503845,1054.281535,14.97451828
Dunphys Pond+N13,95,0.700733304,DP_N13_ABBA,0.76,0.15,0.53,0.11,0.54,52.26,DP,N13,DP+N13,ABBA,0.075079927,0.001091863,0.000215499,0.006251087,7.80E-05,6.96E-06,80.19057371,898.4704206,11.20418996
Dunphys Pond+N3,89,0.827300012,DP_N3_ABBA,0.79,0.105,0.54,0.09,0.47,52.84,DP,N3,DP+N3,ABBA,4.642337835,0.069406641,0.009224933,0.386516842,0.004955246,0.000297831,78.00154862,1297.774234,16.63780088
Dunphys Pond+N5,92,0.751100004,DP_N5_ABBA ,0.76,0.051,0.42,0.08,0.43,51.88,DP,N5,DP+N5,ABBA,0.133977643,0.001962664,0.000131705,0.011154857,0.000140123,4.25E-06,79.60748114,2623.345119,32.95349987
Dunphys Pond+N7,94,0.758166671,DP_N7_ABBA,0.59,0.048,0.34,0.08,0.69,52,DP,N7,DP+N7,ABBA,0.538135139,0.006105764,0.00049674,0.044804644,0.000435917,1.60E-05,102.7824201,2793.751308,27.18121741
Dunphys Pond+N9,95,0.840466678,DP_N9_ABBA,0.94,0.098,0.58,0.1,0.48,52.2,DP,N9,DP+N9,ABBA,1.241297076,0.022352859,0.002330404,0.10334927,0.001595869,7.52E-05,64.76049459,1373.630941,21.21093963
TNNP North+A11,67,0.774033308,TN_A11_ABBA ,0.87,0.077,0.42,0.09,0.98,51.56,TN,A11,TN+A11,ABBA,0.063744134,0.00107559,9.52E-05,0.005307279,7.68E-05,3.07E-06,69.11322576,1726.822986,24.98542019
TNNP North+A13,75,0.791899979,TN_A13_ABBA,0.86,0.053,0.55,0.08,0.64,52.62,TN,A13,TN+A13,ABBA,0.004909165,8.02E-05,4.94E-06,0.000408733,5.73E-06,1.60E-07,71.35425893,2560.357512,35.88233626
TNNP North+A7,52,0.651933312,TN_A7_ABBA ,0.92,0.063,0.61,0.08,0.7,52.06,TN,A7,TN+A7,ABBA,0.210020118,0.003711458,0.000254154,0.017486085,0.000264977,8.21E-06,65.99086847,2131.02847,32.29277807
TNNP North+C10,64,0.664900005,TN_C10_ABBA ,0.98,0.136,0.7,0.11,0.65,52.41,TN,C10,TN+C10,ABBA,7.035637033,0.131557418,0.018256948,0.585780765,0.009392463,0.000589433,62.36710591,993.8043397,15.93475158
TNNP North+C4,46,0.84436667,TN_C4_ABBA,1.04,0.068,0.71,0.07,0.65,52.69,TN,C4,TN+C4,ABBA,0.628314855,0.012401736,0.000810883,0.052312926,0.000885415,2.62E-05,59.08297657,1998.227463,33.82069724
TNNP North+C6,52,0.756500006,TN_C6_ABBA,0.82,0.088,0.5,0.14,0.44,52.64,TN,C6,TN+C6,ABBA,0.005694879,8.87E-05,9.52E-06,0.00047415,6.33E-06,3.07E-07,74.86339802,1542.619603,20.60579194
TNNP North+F1,61,0.796366692,TN_F1_ABBA,1.32,0.169,0.81,0.1,0.72,51.87,TN,F1,TN+F1,ABBA,0.092314445,0.00234924,0.000300774,0.007686017,0.000167723,9.71E-06,45.82577562,791.507767,17.27210847
TNNP North+F11,78,0.748666644,TN_F11_ABBA,1.14,0.113,0.62,0.08,0.42,52.05,TN,F11,TN+F11,ABBA,0.004086675,8.95E-05,8.87E-06,0.000340253,6.39E-06,2.86E-07,53.24555889,1187.867302,22.30922779
TNNP North+F13,76,0.750866652,TN_F13_ABBA,0.73,0.06,0.57,0.09,0.37,51.47,TN,F13,TN+F13,ABBA,0.017796918,0.000252414,2.07E-05,0.001481755,1.80E-05,6.70E-07,82.22404076,2212.221228,26.90479825
TNNP North+I6,52,0.866666675,TN_I6_ABBA,1.04,0.087,0.78,0.07,0.58,51.8,TN,I6,TN+I6,ABBA,0.150791674,0.003027478,0.00025326,0.012554778,0.000216145,8.18E-06,58.0849912,1535.451647,26.43456796
TNNP North+N7,61,0.773333311,TN_N7_ABBA,1.27,0.092,0.64,0.1,0.48,51.88,TN,N7,TN+N7,ABBA,0.529533086,0.012962741,0.000939033,0.044088445,0.000925467,3.03E-05,47.63912257,1454.245664,30.52628986
TNNP North+N9,71,0.770433307,TN_N9_ABBA,0.94,0.085,0.73,0.08,0.36,52.41,TN,N9,TN+N9,ABBA,2.129535382,0.0381943,0.00345374,0.177303187,0.002726859,0.000111505,65.02102531,1590.086943,24.45496569
Unicorn+A1,59,0.86953336,UNI_A1_ABBA ,0.79,0.056,0.6,0.07,0.48,52.55,UNI,A1,UNI+A1,ABBA,2.338451991,0.035154654,0.002491975,0.194697394,0.002509846,8.05E-05,77.57345534,2419.971943,31.19587664
Unicorn+A11,52,0.890133321,UNI_A11_ABBA ,0.86,0.073,0.51,0.09,0.69,52.58,UNI,A11,UNI+A11,ABBA,2.587043529,0.042313759,0.003591749,0.2153949,0.003020966,0.000115961,71.30001776,1857.476634,26.0515592
Unicorn+A13,44,0.816333354,UNI_A13_ABBA,1.39,0.13,0.92,0.09,0.31,52.39,UNI,A13,UNI+A13,ABBA,0.870790494,0.023103623,0.00216077,0.072501228,0.001649469,6.98E-05,43.95427345,1039.275487,23.6444697
Unicorn+A3,63,0.87803334,UNI_A3_ABBA,1.05,0.067,0.52,0.1,0.65,52.32,UNI,A3,UNI+A3,ABBA,0.22150153,0.004445272,0.000283651,0.018442017,0.000317368,9.16E-06,58.10934012,2013.810357,34.65553649
Unicorn+A5,63,0.844566643,UNI_A5_ABBA,1.29,0.126,0.91,0.09,0.3,52.18,UNI,A5,UNI+A5,ABBA,0.320477767,0.007922888,0.000773864,0.026682689,0.00056565,2.50E-05,47.17173737,1067.97028,22.6400455
Unicorn+A7,54,0.869066656,UNI_A7_ABBA,0.87,0.051,0.56,0.08,0.49,52.89,UNI,A7,UNI+A7,ABBA,0.053460101,0.000879378,5.15E-05,0.00445104,6.28E-05,1.66E-06,70.89601456,2674.41641,37.72308538
Unicorn+A9,53,0.861100018,UNI_A9_ABBA ,0.98,0.088,0.7,0.1,0.56,52.36,UNI,A9,UNI+A9,ABBA,1.24321223,0.023268678,0.002089432,0.103508724,0.001661253,6.75E-05,62.30760667,1534.41418,24.62643426
Unicorn+C12,63,0.873000026,UNI_C12_ABBA ,0.82,0.069,0.52,0.08,0.67,52.15,UNI,C12,UNI+C12,ABBA,1.413246593,0.022221711,0.001869876,0.117665631,0.001586506,6.04E-05,74.16653129,1949.085361,26.27985058
Unicorn+C14,56,0.865499973,UNI_C14_ABBA,0.82,0.058,0.52,0.1,0.47,52.41,UNI,C14,UNI+C14,ABBA,0.28882423,0.004518906,0.00031963,0.024047244,0.000322625,1.03E-05,74.53629731,2330.299831,31.26396018
Unicorn+C2,69,0.865866661,UNI_C2_ABBA,0.86,0.05,0.49,0.11,0.67,52.22,UNI,C2,UNI+C2,ABBA,0.326468619,0.005376542,0.00031259,0.027181481,0.000383855,1.01E-05,70.81184723,2693.348184,38.03527643
Unicorn+C6,78,0.852133334,UNI_C6_ABBA,0.62,0.053,0.28,0.12,0.6,53.25,UNI,C6,UNI+C6,ABBA,0.005632408,6.56E-05,5.61E-06,0.000468949,4.68E-06,1.81E-07,100.160257,2591.011735,25.86866102
Unicorn+C8,70,0.844500005,UNI_C8_ABBA,0.69,0.051,0.43,0.11,0.61,52.57,UNI,C8,UNI+C8,ABBA,1.573662605,0.020654883,0.001526665,0.131021723,0.001474643,4.93E-05,88.84978756,2658.235407,29.91830909
Unicorn+E1,83,0.819999993,UNI_E1_ABBA,0.74,0.044,0.45,0.07,0.47,52.11,UNI,E1,UNI+E1,ABBA,0.453544931,0.006440669,0.000382959,0.03776174,0.000459828,1.24E-05,82.12149763,3054.175818,37.19094154
Unicorn+F1,87,0.834766686,UNI_F1_ABBA ,0.71,0.056,0.43,0.11,0.67,52.87,UNI,F1,UNI+F1,ABBA,5.498640037,0.073842149,0.00582417,0.457811788,0.005271916,0.000188036,86.83973093,2434.708214,28.03680053
Unicorn+F11,79,0.840433359,UNI_F11_ABBA ,0.91,0.07,0.48,0.1,0.67,52.52,UNI,F11,UNI+F11,ABBA,0.290851688,0.005039509,0.000387655,0.024216048,0.000359793,1.25E-05,67.30554303,1934.872334,28.74759265
Unicorn+F13,75,0.77093333,UNI_F13_ABBA,0.75,0.059,0.46,0.08,0.55,52.45,UNI,F13,UNI+F13,ABBA,0.57881117,0.008276613,0.000651094,0.048191294,0.000590904,2.10E-05,81.55521493,2292.551595,28.11042306
Unicorn+F3,91,0.825066686,UNI_F3_ABBA,0.93,0.114,0.54,0.13,0.45,52.52,UNI,F3,UNI+F3,ABBA,0.09927249,0.001757872,0.000215481,0.008265338,0.000125502,6.96E-06,65.858112,1188.079504,18.03998729
Unicorn+F5,93,0.844099998,UNI_F5_ABBA,0.66,0.098,0.37,0.1,0.52,53.12,UNI,F5,UNI+F5,ABBA,0.027161944,0.000337479,5.01E-05,0.002261479,2.41E-05,1.62E-06,93.86023523,1397.840529,14.8927874
Unicorn+F7,90,0.82796669,UNI_F7_ABBA ,0.65,0.088,0.38,0.1,0.62,52.33,UNI,F7,UNI+F7,ABBA,0.024926547,0.000309617,4.19E-05,0.002075362,2.21E-05,1.35E-06,93.88687536,1533.535027,16.33385946
Unicorn+F9,79,0.840266645,UNI_F9_ABBA,0.75,0.052,0.39,0.13,0.76,51.95,UNI,F9,UNI+F9,ABBA,1.578969362,0.022795515,0.001580489,0.131463559,0.001627472,5.10E-05,80.77775817,2576.3677,31.89451847
Unicorn+G14,79,0.797299981,UNI_G14_ABBA,0.78,0.098,0.41,0.08,0.58,51.9,UNI,G14,UNI+G14,ABBA,0.075900177,0.001140696,0.000143318,0.00631938,8.14E-05,4.63E-06,77.59616585,1365.736511,17.60056693
Unicorn+I10,92,0.821166694,UNI_I10_ABBA ,0.76,0.045,0.41,0.08,0.86,51.92,UNI,I10,UNI+I10,ABBA,0.197790598,0.00289524,0.000171429,0.016467866,0.000206704,5.53E-06,79.6688593,2975.416778,37.34729986
Unicorn+I12,89,0.81946665,UNI_I12_ABBA ,0.94,0.058,0.52,0.1,0.58,52.75,UNI,I12,UNI+I12,ABBA,0.221559912,0.003948177,0.000243611,0.018446878,0.000281878,7.87E-06,65.44283696,2345.417212,35.83917386
Unicorn+I14,94,0.86680001,UNI_I14_ABBA,0.95,0.079,0.62,0.09,0.56,52.35,UNI,I14,UNI+I14,ABBA,0.192815895,0.003499047,0.000290973,0.016053677,0.000249812,9.39E-06,64.26293967,1708.894422,26.592223
Unicorn+I2,97,0.854233325,UNI_I2_ABBA,0.6,0.033,0.37,0.1,0.6,52.3,UNI,I2,UNI+I2,ABBA,0.118233059,0.001356402,7.46E-05,0.009843977,9.68E-05,2.41E-06,101.6524724,4087.082333,40.20642329
Unicorn+I4,102,0.840366662,UNI_I4_ABBA,0.8,0.037,0.41,0.08,0.68,52.55,UNI,I4,UNI+I4,ABBA,2.376926571,0.036185371,0.001673573,0.197900753,0.002583433,5.40E-05,76.60378714,3662.660239,47.81304391
Unicorn+I6,101,0.84646666,UNI_I6_ABBA,0.64,0.045,0.3,0.12,0.77,52.45,UNI,I6,UNI+I6,ABBA,0.012204901,0.000148925,1.05E-05,0.001016169,1.06E-05,3.38E-07,95.5725175,3005.789869,31.45035777
Unicorn+K1,108,0.860033333,UNI_K1_ABBA,0.88,0.054,0.43,0.1,0.77,53.17,UNI,K1,UNI+K1,ABBA,0.009957559,0.000164804,1.01E-05,0.000829057,1.18E-05,3.27E-07,70.46143694,2539.209522,36.03686828
Unicorn+L10,98,0.83403331,UNI_L10_ABBA,0.89,0.047,0.45,0.08,0.62,52.53,UNI,L10,UNI+L10,ABBA,2.512005791,0.042560159,0.002247559,0.209147326,0.003038557,7.26E-05,68.83113035,2882.273444,41.87456213
Unicorn+L12,99,0.828599989,UNI_L12_ABBA,0.62,0.05,0.38,0.09,0.89,52.38,UNI,L12,UNI+L12,ABBA,0.155177554,0.001836771,0.000148127,0.012919943,0.000131135,4.78E-06,98.52383587,2701.600495,27.42078068
Unicorn+L14,103,0.83586669,UNI_L14_ABBA ,0.67,0.049,0.33,0.1,0.66,52.1,UNI,L14,UNI+L14,ABBA,0.314847967,0.004048909,0.000296114,0.026213957,0.000289069,9.56E-06,90.68394985,2741.998929,30.23687139
Unicorn+L4,109,0.837933362,UNI_L4_ABBA ,0.73,0.053,0.38,0.11,0.77,52.94,UNI,L4,UNI+L4,ABBA,2.614766625,0.036055528,0.00261773,0.2177031,0.002574163,8.45E-05,84.5723862,2575.927911,30.45826217
Unicorn+L6,108,0.850000024,UNI_L6_ABBA,0.99,0.06,0.53,0.1,0.71,52.51,UNI,L6,UNI+L6,ABBA,0.004493686,8.47E-05,5.13E-06,0.00037414,6.05E-06,1.66E-07,61.85493163,2256.921249,36.48732914
Unicorn+L8,105,0.859200001,UNI_L8_ABBA,0.79,0.053,0.5,0.11,0.66,52.31,UNI,L8,UNI+L8,ABBA,0.584233933,0.008823261,0.00059194,0.048642788,0.000629931,1.91E-05,77.21917124,2545.273688,32.96168098
Unicorn+N1,115,0.835600019,UNI_N1_ABBA,0.85,0.064,0.43,0.14,0.95,52.55,UNI,N1,UNI+N1,ABBA,0.045264343,0.000732154,5.51E-05,0.003768668,5.23E-05,1.78E-06,72.09768202,2117.47545,29.36953576
Unicorn+N11,101,0.846333325,UNI_N11_ABBA,0.64,0.038,0.38,0.09,0.64,52.06,UNI,N11,UNI+N11,ABBA,0.769381993,0.009458403,0.000561593,0.064058048,0.000675277,1.81E-05,94.86187342,3533.020885,37.24384473
Unicorn+N13,103,0.804266691,UNI_N13_ABBA ,0.66,0.041,0.4,0.15,1.23,52.78,UNI,N13,UNI+N13,ABBA,5.171569523,0.064669115,0.004017324,0.430580193,0.004617013,0.000129701,93.25947318,3319.794237,35.59739428
Unicorn+N3,114,0.813899994,UNI_N3_ABBA ,0.83,0.066,0.35,0.12,0.86,53.11,UNI,N3,UNI+N3,ABBA,0.403323546,0.006303117,0.000501212,0.033580353,0.000450007,1.62E-05,74.62179928,2075.190657,27.80944278
Unicorn+N5,113,0.838833332,UNI_N5_ABBA ,0.81,0.043,0.41,0.08,0.51,53.6,UNI,N5,UNI+N5,ABBA,0.014673906,0.000221751,1.18E-05,0.001221736,1.58E-05,3.80E-07,77.16978287,3214.563222,41.65572459
Unicorn+N7,109,0.842433333,UNI_N7_ABBA,0.71,0.043,0.38,0.09,0.61,52.69,UNI,N7,UNI+N7,ABBA,0.017639625,0.000237695,1.44E-05,0.001468659,1.70E-05,4.65E-07,86.54407836,3159.987615,36.51304255
Unicorn+N9,104,0.864400029,UNI_N9_ABBA ,0.66,0.055,0.43,0.11,0.55,52.43,UNI,N9,UNI+N9,ABBA,0.004884799,6.15E-05,5.12E-06,0.000406704,4.39E-06,1.65E-07,92.64104166,2458.344857,26.53623937
Bloomfield+N1,77,0.76546669,BL_N1_ACRU,1.81,0.177,0.95,0.17,0.28,50.52,BL,N1,BL+N1,ACRU,0.16014883,0.005737715,0.000561092,0.013333847,0.000409641,1.81E-05,32.55009605,736.0642298,22.61327366
Bloomfield+N7,78,0.848100007,BL_N7_ACRU,2.05,0.11,0.84,0.19,0.78,50.03,BL,N7,BL+N7,ACRU,0.250931372,0.010282017,0.000551718,0.020892319,0.000734078,1.78E-05,28.46060641,1172.906668,41.21158387
Dunphys Pond+A1,45,0.815466642,DP_A1_ACRU,1.81,0.098,0.73,0.21,0.5,49.76,DP,A1,DP+A1,ACRU,0.50145706,0.018240299,0.000987596,0.04175086,0.001302255,3.19E-05,32.06042715,1309.422905,40.84234121
Dunphys Pond+A11,46,0.810400009,DP_A11_ACRU,1.67,0.094,0.63,0.2,0.44,50.65,DP,A11,DP+A11,ACRU,0.232116189,0.007653189,0.000430778,0.019325784,0.000546395,1.39E-05,35.3696275,1389.559775,39.28680829
Dunphys Pond+A13,50,0.812266648,DP_A13_ACRU,1.92,0.128,0.81,0.21,0.39,50.4,DP,A13,DP+A13,ACRU,0.091026727,0.003467685,0.000231179,0.007578803,0.000247573,7.46E-06,30.61236023,1015.421148,33.17029921
Dunphys Pond+A3,47,0.83859998,DP_A3_ACRU,1.95,0.099,0.72,0.24,0.48,51,DP,A3,DP+A3,ACRU,0.0651381,0.002490574,0.000126445,0.005423339,0.000177813,4.08E-06,30.50022704,1328.497125,43.55695856
Dunphys Pond+A5,50,0.820533335,DP_A5_ACRU ,1.63,0.073,0.64,0.18,0.6,51.08,DP,A5,DP+A5,ACRU,0.892902715,0.028493176,0.001276075,0.074342271,0.002034253,4.12E-05,36.54523776,1804.486619,49.37679244
Dunphys Pond+A7,49,0.79096669,DP_A7_ACRU,1.59,0.078,0.8,0.18,0.69,50.62,DP,A7,DP+A7,ACRU,1.001462355,0.031456443,0.001543146,0.083380848,0.002245814,4.98E-05,37.12722791,1673.605813,45.07758611
Dunphys Pond+C12,57,0.827799976,DP_C12_ACRU,1.82,0.104,0.89,0.16,0.38,49.89,DP,C12,DP+C12,ACRU,0.63195957,0.023054047,0.001317374,0.052616381,0.00164593,4.25E-05,31.9675699,1237.102835,38.69868242
Dunphys Pond+C14,59,0.814499974,DP_C14_ACRU,1.71,0.125,0.9,0.17,0.52,49.64,DP,C14,DP+C14,ACRU,0.572720908,0.019729105,0.001442186,0.047684224,0.001408548,4.66E-05,33.85346838,1024.111864,30.25131288
Dunphys Pond+C2,51,0.82553333,DP_C2_ACRU,1.38,0.1,0.61,0.2,0.58,50.38,DP,C2,DP+C2,ACRU,0.546416908,0.014967355,0.001084591,0.045494177,0.001068585,3.50E-05,42.57420865,1299.223301,30.51667528
Dunphys Pond+C4,54,0.84133333,DP_C4_ACRU,1.91,0.168,1.25,0.14,0.4,49.95,DP,C4,DP+C4,ACRU,0.034470048,0.001318074,0.000115935,0.002869945,9.41E-05,3.74E-06,30.4978787,766.7465815,25.14098075
Dunphys Pond+C6,56,0.823599994,DP_C6_ACRU,1.78,0.096,0.81,0.22,0.61,49.67,DP,C6,DP+C6,ACRU,0.942592499,0.033779236,0.001821801,0.078479397,0.002411648,5.88E-05,32.54180701,1334.284879,41.00217542
Dunphys Pond+E1,58,0.815699995,DP_E1_ACRU,1.38,0.209,0.63,0.25,0.61,49.98,DP,E1,DP+E1,ACRU,0.420977882,0.011623639,0.001760392,0.035050237,0.000829863,5.68E-05,42.23618397,616.7023498,14.60128004
Dunphys Pond+F1,61,0.828433335,DP_F1_ACRU,1.36,0.1,0.74,0.17,0.54,50.2,DP,F1,DP+F1,ACRU,0.088308609,0.002392424,0.000175914,0.007352495,0.000170806,5.68E-06,43.04595192,1294.581375,30.07440462
Dunphys Pond+F11,68,0.827033341,DP_F11_ACRU ,1.4,0.105,0.88,0.22,0.36,50.4,DP,F11,DP+F11,ACRU,0.305022999,0.008472861,0.000635465,0.025395939,0.000604915,2.05E-05,41.98266546,1237.846733,29.48471041
Dunphys Pond+F13,72,0.797733307,DP_F13_ACRU,1.41,0.106,0.85,0.2,0.55,50.04,DP,F13,DP+F13,ACRU,0.228246439,0.006431404,0.000483496,0.019003592,0.000459166,1.56E-05,41.38716666,1217.410584,29.415171
Dunphys Pond+F3,65,0.845499992,DP_F3_ACRU,1.4,0.087,0.74,0.19,0.65,50.43,DP,F3,DP+F3,ACRU,0.066090841,0.001834765,0.000114018,0.005502664,0.000130992,3.68E-06,42.00765514,1494.842212,35.58499533
Dunphys Pond+F5,66,0.837633312,DP_F5_ACRU ,1.44,0.086,0.83,0.16,0.47,50.61,DP,F5,DP+F5,ACRU,0.257119718,0.007315795,0.000436916,0.021407555,0.000522307,1.41E-05,40.98654897,1517.621685,37.02731075
Dunphys Pond+F7,67,0.860966682,DP_F7_ACRU ,1.52,0.081,0.58,0.18,0.65,51.02,DP,F7,DP+F7,ACRU,0.755993377,0.022522735,0.001200225,0.062943324,0.001607997,3.87E-05,39.14392529,1624.355461,41.49699984
Dunphys Pond+F9,64,0.822466671,DP_F9_ACRU,1.77,0.104,0.71,0.23,0.57,50.45,DP,F9,DP+F9,ACRU,0.126554788,0.004440079,0.000260886,0.010536837,0.000316997,8.42E-06,33.23957113,1250.988936,37.6355318
Dunphys Pond+I10,81,0.830966651,DP_I10_ACRU,2.04,0.121,0.87,0.23,0.74,50.18,DP,I10,DP+I10,ACRU,0.576377014,0.023431828,0.001389829,0.047988628,0.001672901,4.49E-05,28.68586809,1069.475707,37.28231978
Dunphys Pond+I12,79,0.81613332,DP_I12_ACRU ,1.65,0.121,0.92,0.22,0.58,50.39,DP,I12,DP+I12,ACRU,0.020035683,0.00065606,4.81E-05,0.001668153,4.68E-05,1.55E-06,35.61458775,1073.951393,30.15481747
Dunphys Pond+I14,84,0.794766665,DP_I14_ACRU ,1.65,0.11,0.98,0.16,0.57,50.71,DP,I14,DP+I14,ACRU,0.28924487,0.009411438,0.000627429,0.024082266,0.000671924,2.03E-05,35.84075699,1188.848633,33.17029921
Dunphys Pond+I2,73,0.850333333,DP_I2_ACRU,1.67,0.111,0.91,0.09,0.32,50.8,DP,I2,DP+I2,ACRU,0.018914334,0.00062179,4.13E-05,0.00157479,4.44E-05,1.33E-06,35.47437467,1180.229243,33.26990972
Dunphys Pond+I4,76,0.875466645,DP_I4_ACRU,2.07,0.128,1.13,0.18,0.66,49.8,DP,I4,DP+I4,ACRU,0.016678588,0.000693267,4.29E-05,0.001388644,4.95E-05,1.38E-06,28.05604857,1003.332801,35.76172884
Dunphys Pond+I6,78,0.882333338,DP_I6_ACRU,1.67,0.1,0.95,0.16,0.48,50.32,DP,I6,DP+I6,ACRU,0.100620318,0.003339347,0.000199961,0.008377557,0.000238411,6.46E-06,35.13918373,1297.675992,36.92959979
Dunphys Pond+I8,78,0.873666644,DP_I8_ACRU,1.9,0.147,0.9,0.24,0.55,50.02,DP,I8,DP+I8,ACRU,0.141543961,0.00537652,0.000415973,0.011784822,0.000383853,1.34E-05,30.70135857,877.5098299,28.58211724
Dunphys Pond+K1,80,0.847666681,DP_K1_ACRU,1.77,0.136,0.67,0.17,0.54,50.03,DP,K1,DP+K1,ACRU,1.957133748,0.06924099,0.005320212,0.162949183,0.004943419,0.000171765,32.96284923,948.6745109,28.78011255
Dunphys Pond+L10,93,0.791366696,DP_L10_ACRU,1.46,0.3,0.95,0.2,0.5,49.36,DP,L10,DP+L10,ACRU,0.299700718,0.00886473,0.00182152,0.02495281,0.000632892,5.88E-05,39.42664321,424.3063525,10.7619193
Dunphys Pond+L12,93,0.775600016,DP_L12_ACRU,1.32,0.343,0.77,0.25,0.66,49.78,DP,L12,DP+L12,ACRU,0.665768866,0.017653976,0.004587359,0.055431313,0.001260395,0.000148105,43.97931579,374.2712001,8.51016423
Dunphys Pond+L14,93,0.779333353,DP_L14_ACRU,1.4,0.224,1.07,0.16,0.55,49.58,DP,L14,DP+L14,ACRU,0.107860328,0.003045673,0.000487308,0.008980353,0.000217444,1.57E-05,41.29961415,570.8002329,13.82095801
Dunphys Pond+L2,84,0.841666639,DP_L2_ACRU,1.92,0.138,0.89,0.18,0.49,50.14,DP,L2,DP+L2,ACRU,4.776667972,0.182911897,0.013146793,0.397701048,0.013058886,0.000424449,30.45443932,936.9812079,30.76665434
Dunphys Pond+L4,85,0.859099984,DP_L4_ACRU,1.41,0.107,0.68,0.16,0.77,49.95,DP,L4,DP+L4,ACRU,0.004911449,0.000138641,1.05E-05,0.000408923,9.90E-06,3.40E-07,41.31272931,1203.863791,29.14026286
Dunphys Pond+L6,90,0.833333313,DP_L6_ACRU,1.69,0.176,1.1,0.18,0.59,49.97,DP,L6,DP+L6,ACRU,1.551403292,0.052468913,0.005464218,0.129168432,0.003745987,0.000176414,34.48181777,732.187515,21.2340173
Dunphys Pond+L8,91,0.833266675,DP_L8_ACRU,1.82,0.131,1,0.18,0.46,50.17,DP,L8,DP+L8,ACRU,0.499118187,0.01810634,0.001303259,0.041556128,0.001292691,4.21E-05,32.146983,987.6394817,30.7226181
Dunphys Pond+N1,87,0.861800015,DP_N1_ACRU,1.95,0.221,1.21,0.17,0.37,48.99,DP,N1,DP+N1,ACRU,0.008749613,0.00034827,3.95E-05,0.000728485,2.49E-05,1.27E-06,29.29815927,571.6639467,19.51194071
Dunphys Pond+N11,96,0.641600013,DP_N11_ACRU,1.2,0.277,0.78,0.18,0.51,49.7,DP,N11,DP+N11,ACRU,0.010062527,0.000242958,5.61E-05,0.000837797,1.73E-05,1.81E-06,48.29950169,462.7029381,9.579869809
Dunphys Pond+N13,95,0.700733304,DP_N13_ACRU,1.04,0.226,0.55,0.19,0.64,49.33,DP,N13,DP+N13,ACRU,0.010980107,0.000231488,5.03E-05,0.000914194,1.65E-05,1.62E-06,55.31530147,562.8961961,10.17613899
Dunphys Pond+N5,92,0.751100004,DP_N5_ACRU ,1.79,0.161,1.29,0.17,0.45,49.65,DP,N5,DP+N5,ACRU,0.706638777,0.025476,0.002291417,0.058834104,0.001818844,7.40E-05,32.3469792,795.2780837,24.58585325
Dunphys Pond+N7,94,0.758166671,DP_N7_ACRU,1.31,0.135,0.66,0.15,0.66,50.39,DP,N7,DP+N7,ACRU,0.683778863,0.017776351,0.001831914,0.056930809,0.001269132,5.91E-05,44.85806854,962.5786557,21.45831702
Dunphys Pond+N9,95,0.840466678,DP_N9_ACRU,1.59,0.163,1.45,0.14,0.39,49.86,DP,N9,DP+N9,ACRU,1.000698952,0.031911579,0.003271439,0.083317288,0.002278308,0.00010562,36.56980607,788.8425118,21.57086943
TNNP North+A1,33,0.858366668,TN_A1_ACRU,1.72,0.137,1.08,0.19,0.54,50.71,TN,A1,TN+A1,ACRU,5.175219231,0.175534945,0.013981563,0.430884064,0.012532213,0.0004514,34.38212153,954.5499977,27.7629755
TNNP North+A11,67,0.774033308,TN_A11_ACRU,1.46,0.09,0.64,0.14,0.62,49.86,TN,A11,TN+A11,ACRU,0.06921994,0.002026898,0.000124946,0.00576319,0.000144709,4.03E-06,39.82602168,1428.681438,35.87306434
TNNP North+A3,39,0.814733326,TN_A3_ACRU,1.62,0.093,0.99,0.15,0.48,50.09,TN,A3,TN+A3,ACRU,0.041547362,0.001343716,7.71E-05,0.003459196,9.59E-05,2.49E-06,36.05815694,1388.972735,38.52034747
TNNP North+A7,52,0.651933312,TN_A7_ACRU,1.75,0.118,1.21,0.2,0.42,50.1,TN,A7,TN+A7,ACRU,2.069047922,0.072272133,0.004873207,0.172267055,0.005159826,0.000157333,33.38621491,1094.917397,32.79549357
TNNP North+A9,58,0.803266644,TN_A9_ACRU,1.62,0.074,0.55,0.17,0.61,50.77,TN,A9,TN+A9,ACRU,2.170844914,0.069268638,0.003164123,0.180742581,0.004945393,0.000102155,36.54766676,1769.298385,48.41070696
TNNP North+C10,64,0.664900005,TN_C10_ACRU,1.53,0.256,1.17,0.25,0.78,49.84,TN,C10,TN+C10,ACRU,0.004801503,0.000147398,2.47E-05,0.000399769,1.05E-05,7.96E-07,37.98867187,502.0693456,13.21629109
TNNP North+C2,35,0.835466683,TN_C2_ACRU,1.42,0.078,0.63,0.18,0.49,51.07,TN,C2,TN+C2,ACRU,0.009538207,0.00026521,1.46E-05,0.000794142,1.89E-05,4.70E-07,41.9416026,1688.483779,40.25796999
TNNP North+C4,46,0.84436667,TN_C4_ACRU ,1.5,0.129,1.03,0.15,0.38,50.14,TN,C4,TN+C4,ACRU,0.941138264,0.028155313,0.002421357,0.078358319,0.002010132,7.82E-05,38.98168233,1002.35199,25.71341024
TNNP North+C8,55,0.802299976,TN_C8_ACRU ,1.64,0.15,0.95,0.24,0.45,50.22,TN,C8,TN+C8,ACRU,0.014026235,0.000458045,4.19E-05,0.001167812,3.27E-05,1.35E-06,35.71086482,863.3980965,24.17746254
TNNP North+F1,61,0.796366692,TN_F1_ACRU,1.18,0.101,0.69,0.16,0.6,50.35,TN,F1,TN+F1,ACRU,0.00314219,7.36E-05,6.30E-06,0.000261616,5.26E-06,2.03E-07,49.76052744,1285.593709,25.83561259
TNNP North+F11,78,0.748666644,TN_F11_ACRU,1.32,0.199,0.79,0.16,0.51,49.96,TN,F11,TN+F11,ACRU,1.704737807,0.045041111,0.006790289,0.141934925,0.003215683,0.000219227,44.13834104,647.433237,14.66827302
TNNP North+F7,54,0.734099984,TN_F7_ACRU,1.55,0.088,0.92,0.22,0.61,50.36,TN,F7,TN+F7,ACRU,1.089273645,0.033526095,0.001903417,0.090691937,0.002393576,6.15E-05,37.88973176,1475.804013,38.94997256
TNNP North+I10,75,0.792566657,TN_I10_ACRU,1.52,0.115,0.93,0.18,0.58,50.12,TN,I10,TN+I10,ACRU,1.547399925,0.04692833,0.003550499,0.128835116,0.00335042,0.000114629,38.45342092,1123.928954,29.22832163
TNNP North+I6,52,0.866666675,TN_I6_ACRU,1.8,0.129,1.35,0.14,0.39,50.18,TN,I6,TN+I6,ACRU,0.218654447,0.007843324,0.000562105,0.018204971,0.000559969,1.81E-05,32.5106505,1003.151632,30.85609229
TNNP North+L12,85,0.757099986,TN_L12_ACRU,1.75,0.314,1.06,0.25,0.58,50.07,TN,L12,TN+L12,ACRU,0.00883654,0.000308847,5.54E-05,0.000735722,2.20E-05,1.79E-06,33.36622317,411.2193865,12.32442115
TNNP North+L8,65,0.824733317,TN_L8_ACRU,1.27,0.163,1.46,0.13,0.6,48.82,TN,L8,TN+L8,ACRU,0.178648509,0.00464735,0.000596471,0.014874113,0.000331795,1.93E-05,44.82925913,772.3885164,17.22956237
TNNP North+N3,60,0.758833349,TN_N3_ACRU,1.75,0.128,1.25,0.17,0.54,49.85,TN,N3,TN+N3,ACRU,0.731369759,0.025674966,0.00187794,0.060893184,0.001833049,6.06E-05,33.21961703,1004.340164,30.23334564
TNNP North+N5,61,0.746800005,TN_N5_ACRU,1.82,0.118,1.41,0.2,0.38,50.07,TN,N5,TN+N5,ACRU,0.015613758,0.000567546,3.68E-05,0.001299987,4.05E-05,1.19E-06,32.08290689,1094.261757,34.10731332
TNNP North+N7,61,0.773333311,TN_N7_ACRU,1.74,0.099,0.73,0.17,0.5,50.23,TN,N7,TN+N7,ACRU,0.17832524,0.006177303,0.000351467,0.014847198,0.000441025,1.13E-05,33.66521848,1308.439424,38.86620918
Unicorn+A1,59,0.86953336,UNI_A1_ACRU,1.51,0.137,1.52,0.14,0.52,49.95,UNI,A1,UNI+A1,ACRU,1.042781406,0.031523522,0.002860081,0.086821035,0.002250603,9.23E-05,38.57678697,940.2439831,24.37330988
Unicorn+A11,52,0.890133321,UNI_A11_ACRU ,1.66,0.14,1.4,0.16,0.44,50.07,UNI,A11,UNI+A11,ACRU,0.015564411,0.000516016,4.35E-05,0.001295879,3.68E-05,1.41E-06,35.17523526,922.3063384,26.22033176
Unicorn+A13,44,0.816333354,UNI_A13_ACRU,2.42,0.177,1.4,0.16,0.43,50.31,UNI,A13,UNI+A13,ACRU,0.05033895,0.002421393,0.000177102,0.004191175,0.000172874,5.72E-06,24.24412189,733.0045804,30.23432169
Unicorn+A3,63,0.87803334,UNI_A3_ACRU,1.9,0.26,2.17,0.14,0.5,50.05,UNI,A3,UNI+A3,ACRU,0.015231715,0.000578227,7.91E-05,0.001268179,4.13E-05,2.55E-06,30.71977202,496.428117,16.15988936
Unicorn+A7,54,0.869066656,UNI_A7_ACRU,1.25,0.067,0.53,0.16,0.62,50.52,UNI,A7,UNI+A7,ACRU,0.226929809,0.005614851,0.000300956,0.01889397,0.000400869,9.72E-06,47.13253909,1944.527891,41.25659106
Unicorn+C12,63,0.873000026,UNI_C12_ACRU,1.62,0.141,1.19,0.19,0.58,50.06,UNI,C12,UNI+C12,ACRU,0.14086968,0.004558707,0.000396776,0.011728682,0.000325466,1.28E-05,36.03656092,915.5822617,25.4070377
Unicorn+C14,56,0.865499973,UNI_C14_ACRU,1.48,0.149,1.67,0.1,0.38,49.49,UNI,C14,UNI+C14,ACRU,0.008435688,0.00025227,2.54E-05,0.000702348,1.80E-05,8.20E-07,38.99628591,856.5580933,21.96511984
Unicorn+C6,78,0.852133334,UNI_C6_ACRU,1.64,0.224,2.35,0.13,0.32,49.06,UNI,C6,UNI+C6,ACRU,0.012450126,0.000416188,5.68E-05,0.001036586,2.97E-05,1.84E-06,34.88600216,564.8136229,16.19026509
Unicorn+C8,70,0.844500005,UNI_C8_ACRU,1.4,0.082,0.75,0.18,0.68,50.52,UNI,C8,UNI+C8,ACRU,0.086904723,0.002408286,0.000141057,0.007235608,0.000171938,4.55E-06,42.08262418,1588.821569,37.75481211
Unicorn+E1,83,0.819999993,UNI_E1_ACRU,1.94,0.169,1.21,0.15,0.36,50.26,UNI,E1,UNI+E1,ACRU,0.009531014,0.00036789,3.20E-05,0.000793544,2.63E-05,1.03E-06,30.21261119,766.9400495,25.38476547
Unicorn+F11,79,0.840433359,UNI_F11_ACRU,1.81,0.148,1.54,0.14,0.42,49.77,UNI,F11,UNI+F11,ACRU,5.457129495,0.198461008,0.016227751,0.454355657,0.014169005,0.000523919,32.06687016,867.2245484,27.04425296
Unicorn+F13,75,0.77093333,UNI_F13_ACRU,1.25,0.173,1.37,0.13,0.67,49.7,UNI,F13,UNI+F13,ACRU,0.423892227,0.010661273,0.00147552,0.035292883,0.000761155,4.76E-05,46.36752163,740.8596176,15.97798613
Unicorn+F3,91,0.825066686,UNI_F3_ACRU,1.39,0.144,1.11,0.18,0.77,49.99,UNI,F3,UNI+F3,ACRU,0.060235954,0.001674895,0.000173514,0.005015191,0.000119578,5.60E-06,41.94071635,895.2540249,21.34570181
Unicorn+F9,79,0.840266645,UNI_F9_ACRU,1.56,0.139,1.8,0.1,0.46,49.69,UNI,F9,UNI+F9,ACRU,0.028387845,0.000891226,7.94E-05,0.002363546,6.36E-05,2.56E-06,37.1459873,921.8915494,24.8180656
Unicorn+G14,79,0.797299981,UNI_G14_ACRU,1.9,0.174,1.24,0.13,0.4,49.78,UNI,G14,UNI+G14,ACRU,0.117848892,0.004498049,0.000411927,0.009811992,0.000321136,1.33E-05,30.55405097,737.7874807,24.14696111
Unicorn+I12,89,0.81946665,UNI_I12_ACRU,1.55,0.083,0.58,0.15,0.57,50.77,UNI,I12,UNI+I12,ACRU,1.325269958,0.04046028,0.002166583,0.110340776,0.002888638,6.99E-05,38.19820655,1577.446753,41.29635645
Unicorn+I14,94,0.86680001,UNI_I14_ACRU,1.27,0.096,0.86,0.13,0.59,49.4,UNI,I14,UNI+I14,ACRU,0.163689245,0.004208205,0.000318101,0.013628618,0.000300442,1.03E-05,45.36184763,1327.031871,29.25436111
Unicorn+I2,97,0.854233325,UNI_I2_ACRU,1.83,0.173,1.68,0.11,0.34,49.85,UNI,I2,UNI+I2,ACRU,0.310869072,0.011412044,0.001078844,0.025882677,0.000814756,3.48E-05,31.76739334,743.0956124,23.3917717
Unicorn+I4,102,0.840366662,UNI_I4_ACRU,1.19,0.06,0.68,0.15,0.59,50.06,UNI,I4,UNI+I4,ACRU,0.008799968,0.000209188,1.05E-05,0.000732677,1.49E-05,3.41E-07,49.05817537,2151.618315,43.85850674
Unicorn+K1,108,0.860033333,UNI_K1_ACRU,1.66,0.143,1.27,0.16,0.53,50.3,UNI,K1,UNI+K1,ACRU,0.239391788,0.007900405,0.000680577,0.019931543,0.000564045,2.20E-05,35.33681514,907.1050508,25.67025487
Unicorn+L10,98,0.83403331,UNI_L10_ACRU,1.21,0.076,0.66,0.16,0.56,50.39,UNI,L10,UNI+L10,ACRU,0.003709516,8.91E-05,5.59E-06,0.000308851,6.36E-06,1.81E-07,48.56534693,1709.843665,35.20707197
Unicorn+L14,103,0.83586669,UNI_L14_ACRU,1.58,0.101,0.87,0.19,0.52,50.38,UNI,L14,UNI+L14,ACRU,0.013708092,0.000429908,2.75E-05,0.001141323,3.07E-05,8.87E-07,37.18506831,1286.359703,34.59344737
Unicorn+L4,109,0.837933362,UNI_L4_ACRU,1.59,0.101,0.92,0.15,0.63,49.89,UNI,L4,UNI+L4,ACRU,4.515872754,0.143921381,0.009142176,0.375987474,0.010275181,0.000295159,36.59180957,1273.848464,34.81239323
Unicorn+L6,108,0.850000024,UNI_L6_ACRU,1.62,0.1,0.88,0.14,0.51,50.84,UNI,L6,UNI+L6,ACRU,0.190132695,0.006058516,0.000373982,0.015830276,0.000432544,1.21E-05,36.59805747,1311.085998,35.82392315
Unicorn+L8,105,0.859200001,UNI_L8_ACRU,1.68,0.12,1.15,0.17,0.53,50.28,UNI,L8,UNI+L8,ACRU,1.208696621,0.040386045,0.002884717,0.100634986,0.002883338,9.31E-05,34.90225561,1080.537044,30.95894593
Unicorn+N11,101,0.846333325,UNI_N11_ACRU,1.59,0.087,0.6,0.19,0.57,50.43,UNI,N11,UNI+N11,ACRU,0.300992616,0.009489952,0.000519262,0.025060373,0.000677529,1.68E-05,36.98787245,1494.842212,40.41438755
Unicorn+N13,103,0.804266691,UNI_N13_ACRU ,1.13,0.071,0.68,0.14,0.6,50.63,UNI,N13,UNI+N13,ACRU,0.292303957,0.006523869,0.000409907,0.024336963,0.000465768,1.32E-05,52.25128692,1838.972421,35.19477757
Unicorn+N5,113,0.838833332,UNI_N5_ACRU,1.62,0.093,0.97,0.16,0.53,50.39,UNI,N5,UNI+N5,ACRU,0.318154055,0.01022841,0.000587186,0.026489218,0.000730251,1.90E-05,36.27411715,1397.291597,38.52034747
Unicorn+N7,109,0.842433333,UNI_N7_ACRU,1.53,0.152,1.36,0.15,0.53,50.04,UNI,N7,UNI+N7,ACRU,0.032232728,0.000985533,9.79E-05,0.002683668,7.04E-05,3.16E-06,38.14111437,848.983697,22.25901658
Unicorn+N9,104,0.864400029,UNI_N9_ACRU ,1.56,0.187,2.51,0.11,0.39,49.36,UNI,N9,UNI+N9,ACRU,0.012735893,0.000402512,4.82E-05,0.001060379,2.87E-05,1.56E-06,36.89929428,680.7053783,18.44765304
Bloomfield+A1,77,0.86863333,BL_A1_BEPA,2.83,0.153,2.3,0.24,0.4,49.08,BL,A1,BL+A1,BEPA,0.076633516,0.004418762,0.000238894,0.006380437,0.000315475,7.71E-06,20.22486475,827.2537809,40.90280905
Bloomfield+A7,77,0.85133332,BL_A7_BEPA,1.63,0.312,2.37,0.26,0.36,48.21,BL,A7,BL+A7,BEPA,0.004301385,0.000145432,2.78E-05,0.000358129,1.04E-05,8.99E-07,34.49189335,398.4815105,11.55290336
Bloomfield+C2,76,0.843200028,BL_C2_BEPA,1.1,0.116,1.05,0.12,0.21,50.82,BL,C2,BL+C2,BEPA,0.001072492,2.32E-05,2.45E-06,8.93E-05,1.66E-06,7.90E-08,53.877754,1129.801921,20.96972939
Bloomfield+C4,76,0.843033314,BL_C4_BEPA,1.47,0.254,1.93,0.17,0.27,48.81,BL,C4,BL+C4,BEPA,0.00213307,6.42E-05,1.11E-05,0.000177597,4.59E-06,3.58E-07,38.72210697,495.5651169,12.79798946
Bloomfield+C6,77,0.792266667,BL_C6_BEPA,0.48,0.022,0.11,0.04,0.09,50.15,BL,C6,BL+C6,BEPA,0.001632237,1.56E-05,7.16E-07,0.000135899,1.12E-06,2.31E-08,121.8420528,5878.59978,48.24770795
Bloomfield+C8,77,0.838033319,BL_C8_BEPA,1.97,0.231,2.31,0.2,0.28,47.99,BL,C8,BL+C8,BEPA,0.019106991,0.000784346,9.20E-05,0.001590831,5.60E-05,2.97E-06,28.40874387,535.7527483,18.85872711
Bloomfield+E1,74,0.776566684,BL_E1_BEPA,1.49,0.129,0.92,0.16,0.42,49.54,BL,E1,BL+E1,BEPA,0.491800964,0.014791753,0.001280628,0.040946903,0.001056048,4.13E-05,38.7736996,990.3573509,25.54198751
Bloomfield+F13,79,0.867699981,BL_F13_BEPA ,1.67,0.246,1.47,0.14,0.2,48.99,BL,F13,BL+F13,BEPA,0.00402603,0.000137242,2.02E-05,0.000335204,9.80E-06,6.53E-07,34.21042549,513.5680172,15.01203244
Bloomfield+F5,78,0.814566672,BL_F5_BEPA,1.31,0.286,1.46,0.21,0.35,49.14,BL,F5,BL+F5,BEPA,0.155490823,0.004145156,0.000904973,0.012946025,0.000295941,2.92E-05,43.74529645,443.0928648,10.12892587
Bloomfield+N11,78,0.82676667,BL_N11_BEPA,2.3,0.285,2.01,0.37,0.67,49.45,BL,N11,BL+N11,BEPA,0.006056096,0.000281679,3.49E-05,0.000504225,2.01E-05,1.13E-06,25.07298076,447.4526386,17.84600893
Bloomfield+N3,78,0.770099998,BL_N3_BEPA,1.97,0.17,0.86,0.2,0.46,50.88,BL,N3,BL+N3,BEPA,0.021665408,0.000838853,7.24E-05,0.001803842,5.99E-05,2.34E-06,30.11954341,771.8338455,25.62568214
Dunphys Pond+A1,45,0.815466642,DP_A1_BEPA,1.71,0.153,1.02,0.2,0.38,49.85,DP,A1,DP+A1,BEPA,0.019981307,0.000685417,6.13E-05,0.001663626,4.89E-05,1.98E-06,33.9966841,840.2322938,24.7151249
Dunphys Pond+A11,46,0.810400009,DP_A11_BEPA,1.56,0.099,0.63,0.15,0.36,51.15,DP,A11,DP+A11,BEPA,0.005262014,0.000160484,1.02E-05,0.000438111,1.15E-05,3.29E-07,38.23741699,1332.40447,34.84556685
Dunphys Pond+A13,50,0.812266648,DP_A13_BEPA,1.96,0.136,1.5,0.27,0.49,48.74,DP,A13,DP+A13,BEPA,0.008847798,0.0003558,2.47E-05,0.00073666,2.54E-05,7.97E-07,28.99993076,924.2133851,31.86950317
Dunphys Pond+C4,54,0.84133333,DP_C4_BEPA,2.26,0.169,1.76,0.32,0.67,49.77,DP,C4,DP+C4,BEPA,0.004463536,0.000202684,1.52E-05,0.00037163,1.45E-05,4.89E-07,25.68187389,759.4629181,29.57194328
Dunphys Pond+C8,55,0.810333312,DP_C8_BEPA,1.89,0.119,1.26,0.31,0.64,49.76,DP,C8,DP+C8,BEPA,1.133340343,0.04304689,0.00271036,0.09436089,0.003073307,8.75E-05,30.70337203,1078.348275,35.12149329
Dunphys Pond+F13,72,0.797733307,DP_F13_BEPA,1.18,0.11,1.04,0.12,0.26,51.01,DP,F13,DP+F13,BEPA,0.006938208,0.0001605,1.50E-05,0.000577669,1.15E-05,4.83E-07,50.41280049,1195.881854,23.72178974
Dunphys Pond+F3,65,0.845499992,DP_F3_BEPA ,1.37,0.108,1.42,0.15,0.34,50.68,DP,F3,DP+F3,BEPA,0.281093896,0.007598631,0.000599016,0.023403623,0.0005425,1.93E-05,43.14033831,1210.148002,28.05142588
Dunphys Pond+F5,66,0.837633312,DP_F5_BEPA ,2.04,0.127,1.12,0.18,0.41,50.97,DP,F5,DP+F5,BEPA,0.266428918,0.010663429,0.000663851,0.02218263,0.000761309,2.14E-05,29.13747901,1034.990945,35.52095034
Dunphys Pond+F7,67,0.860966682,DP_F7_BEPA ,1.72,0.127,1.34,0.15,0.41,50.61,DP,F7,DP+F7,BEPA,0.016688303,0.000567158,4.19E-05,0.001389453,4.05E-05,1.35E-06,34.31432007,1027.680826,29.94903656
Dunphys Pond+F9,64,0.822466671,DP_F9_BEPA,2.1,0.143,1.29,0.15,0.36,50.03,DP,F9,DP+F9,BEPA,0.009604721,0.000403156,2.75E-05,0.00079968,2.88E-05,8.86E-07,27.78297292,902.2358984,32.47441881
Dunphys Pond+I10,81,0.830966651,DP_I10_BEPA ,1.98,0.124,1.66,0.11,0.16,50.54,DP,I10,DP+I10,BEPA,0.008911483,0.000349124,2.19E-05,0.000741962,2.49E-05,7.06E-07,29.76717049,1051.088271,35.31031852
Dunphys Pond+I2,73,0.850333333,DP_I2_BEPA,0.84,0.049,0.47,0.07,0.26,51.41,DP,I2,DP+I2,BEPA,0.152909652,0.002498427,0.000145742,0.012731119,0.000178374,4.71E-06,71.37330791,2705.684548,37.90891339
Dunphys Pond+I4,76,0.875466645,DP_I4_BEPA,1.73,0.15,1.71,0.2,0.45,50.42,DP,I4,DP+I4,BEPA,0.103427522,0.003548782,0.000307698,0.008611282,0.000253363,9.93E-06,33.98789326,866.8365596,25.50427451
Dunphys Pond+I6,78,0.882333338,DP_I6_BEPA,1.17,0.102,1.19,0.11,0.25,49.98,DP,I6,DP+I6,BEPA,0.003594041,8.41E-05,7.33E-06,0.000299237,6.01E-06,2.37E-07,49.8170375,1263.635207,25.36552293
Dunphys Pond+I8,78,0.873666644,DP_I8_BEPA,1.19,0.148,1.34,0.16,0.4,50.66,DP,I8,DP+I8,BEPA,0.001402142,3.29E-05,4.10E-06,0.000116741,2.35E-06,1.32E-07,49.64616788,882.7324818,17.7804757
Dunphys Pond+L4,85,0.859099984,DP_L4_BEPA,2.13,0.354,3.45,0.2,0.6,50.14,DP,L4,DP+L4,BEPA,0.007531054,0.000319927,5.32E-05,0.000627029,2.28E-05,1.72E-06,27.45188897,365.2638607,13.30560025
Dunphys Pond+L6,90,0.833333313,DP_L6_BEPA ,1.23,0.164,1.23,0.14,0.33,50.37,DP,L6,DP+L6,BEPA,0.109240155,0.002667568,0.000355676,0.009095236,0.000190449,1.15E-05,47.75670413,792.0520828,16.58514961
Dunphys Pond+N3,89,0.827300012,DP_N3_BEPA,1.38,0.116,0.81,0.2,0.35,51.01,DP,N3,DP+N3,BEPA,0.236428396,0.00639622,0.000537653,0.019684814,0.000456654,1.74E-05,43.10659752,1134.025896,26.30747869
Dunphys Pond+N5,92,0.751100004,DP_N5_BEPA,2.02,0.152,1.69,0.22,0.32,50.47,DP,N5,DP+N5,BEPA,0.003179247,0.000127245,9.57E-06,0.000264701,9.08E-06,3.09E-07,29.13730921,856.2791205,29.38772123
Dunphys Pond+N9,95,0.840466678,DP_N9_BEPA,1.76,0.164,1.28,0.15,0.22,50.77,DP,N9,DP+N9,BEPA,0.083301343,0.002887736,0.000269085,0.006935594,0.000206168,8.69E-06,33.64046599,798.3419544,23.73159619
TNNP North+A1,33,0.858366668,TN_A1_BEPA ,2.44,0.181,1.61,0.15,0.34,50.74,TN,A1,TN+A1,BEPA,0.00866051,0.000416469,3.09E-05,0.000721066,2.97E-05,9.97E-07,24.25091582,722.9321276,29.81050832
TNNP North+A13,75,0.791899979,TN_A13_BEPA,1.74,0.151,1.83,0.16,0.28,49.62,TN,A13,TN+A13,BEPA,0.041422118,0.001452529,0.000126053,0.003448768,0.000103702,4.07E-06,33.25638346,847.4331527,25.48181926
TNNP North+C10,64,0.664900005,TN_C10_BEPA ,1.86,0.179,1.32,0.33,0.89,49.73,TN,C10,TN+C10,BEPA,0.4659555,0.017427654,0.001677177,0.038795033,0.001244237,5.41E-05,31.17977827,716.4585434,22.97830784
TNNP North+C14,76,0.769966662,TN_C14_BEPA,0.96,0.094,0.9,0.13,0.19,51.46,TN,C14,TN+C14,BEPA,0.003904409,7.28E-05,7.13E-06,0.000325078,5.20E-06,2.30E-07,62.51238323,1411.781757,22.58403351
TNNP North+E1,42,0.758233309,TN_E1_BEPA,1.93,0.212,1.54,0.32,0.69,49.84,TN,E1,TN+E1,BEPA,0.004473316,0.000173224,1.90E-05,0.000372444,1.24E-05,6.14E-07,30.115372,606.2724173,20.13165959
TNNP North+F11,78,0.748666644,TN_F11_BEPA,1.57,0.208,1.1,0.24,0.57,50.39,TN,F11,TN+F11,BEPA,0.030254218,0.00094263,0.000124883,0.002518939,6.73E-05,4.03E-06,37.42934381,624.7505698,16.69146467
TNNP North+F13,76,0.750866652,TN_F13_BEPA,1.75,0.113,1.2,0.17,0.29,50.54,TN,F13,TN+F13,BEPA,0.004523956,0.000156647,1.01E-05,0.000376661,1.12E-05,3.27E-07,33.67942718,1153.406598,34.24662161
TNNP North+F3,57,0.75546664,TN_F3_BEPA ,1.4,0.179,1.12,0.26,0.37,51.43,TN,F3,TN+F3,BEPA,0.01546719,0.00042104,5.38E-05,0.001287784,3.01E-05,1.74E-06,42.84064453,740.9503898,17.29550052
TNNP North+F9,73,0.765133321,TN_F9_BEPA,2.53,0.223,1.42,0.23,0.36,50.18,TN,F9,TN+F9,BEPA,0.0121635,0.000613265,5.41E-05,0.001012722,4.38E-05,1.75E-06,23.13010708,580.2984779,25.08844754
TNNP North+G14,83,0.729499996,TN_G14_BEPA,1.85,0.223,1.49,0.31,0.47,50.44,TN,G14,TN+G14,BEPA,0.30404285,0.011151453,0.001344202,0.025314332,0.000796151,4.34E-05,31.79588057,583.3052058,18.34530749
TNNP North+I10,75,0.792566657,TN_I10_BEPA,1.36,0.147,0.61,0.12,0.44,50.95,TN,I10,TN+I10,BEPA,0.026211481,0.000699659,7.56E-05,0.002182344,5.00E-05,2.44E-06,43.68906873,893.8249867,20.45877865
TNNP North+L14,86,0.70903331,TN_L14_BEPA,2.66,0.231,1.33,0.17,0.42,50.13,TN,L14,TN+L14,BEPA,0.01202707,0.000638181,5.54E-05,0.001001363,4.56E-05,1.79E-06,21.97776754,559.6433689,25.46406808
TNNP North+N11,81,0.748866677,TN_N11_BEPA,1.57,0.171,1.27,0.27,0.35,50.39,TN,N11,TN+N11,BEPA,0.251863275,0.007847298,0.000854706,0.020969908,0.000560253,2.76E-05,37.42934381,759.9305177,20.30306813
TNNP North+N7,61,0.773333311,TN_N7_BEPA,2.47,0.17,2.62,0.17,0.19,50.51,TN,N7,TN+N7,BEPA,0.013741341,0.000671968,4.62E-05,0.001144092,4.80E-05,1.49E-06,23.84777814,766.2210601,32.12966238
TNNP North+N9,71,0.770433307,TN_N9_BEPA,1.72,0.143,0.95,0.16,0.35,50.28,TN,N9,TN+N9,BEPA,0.258524849,0.00884373,0.000735264,0.021524545,0.000631393,2.37E-05,34.09057524,906.7443728,26.59809541
Unicorn+A1,59,0.86953336,UNI_A1_BEPA ,1.23,0.086,1.27,0.15,0.33,51.53,UNI,A1,UNI+A1,BEPA,0.003301862,7.88E-05,5.51E-06,0.00027491,5.63E-06,1.78E-07,48.85652102,1545.209355,31.6274946
Unicorn+A11,52,0.890133321,UNI_A11_BEPA ,1.63,0.159,1.3,0.21,0.53,50.46,UNI,A11,UNI+A11,BEPA,0.127879739,0.004130875,0.00040295,0.010647151,0.000294921,1.30E-05,36.10165813,818.4191059,22.6698481
Unicorn+A13,44,0.816333354,UNI_A13_BEPA,2.55,0.208,1.52,0.24,0.67,49.97,UNI,A13,UNI+A13,BEPA,0.002985684,0.000152361,1.24E-05,0.000248585,1.09E-05,4.01E-07,22.8526557,619.5432819,27.1103407
Unicorn+A3,63,0.87803334,UNI_A3_BEPA,1.34,0.134,1.29,0.18,0.4,50.68,UNI,A3,UNI+A3,BEPA,0.126798831,0.003352613,0.000335261,0.010557156,0.000239358,1.08E-05,44.10616678,975.3431661,22.11353281
Unicorn+A7,54,0.869066656,UNI_A7_BEPA ,1.36,0.074,1.12,0.1,0.29,51.25,UNI,A7,UNI+A7,BEPA,0.005187175,0.00013765,7.49E-06,0.000431879,9.83E-06,2.42E-07,43.94631545,1786.026044,40.64108733
Unicorn+A9,53,0.861100018,UNI_A9_BEPA ,1.11,0.065,0.55,0.11,0.43,51.68,UNI,A9,UNI+A9,BEPA,0.002836143,6.09E-05,3.57E-06,0.000236135,4.35E-06,1.15E-07,54.29589967,2050.382025,37.76310987
Unicorn+C10,71,0.861466646,UNI_C10_BEPA,2.21,0.25,1.66,0.27,0.47,49.68,UNI,C10,UNI+C10,BEPA,0.027830838,0.001238047,0.000140051,0.00231717,8.84E-05,4.52E-06,26.21542006,512.4685476,19.548363
Unicorn+C12,63,0.873000026,UNI_C12_BEPA ,1.49,0.131,1.04,0.12,0.26,51.26,UNI,C12,UNI+C12,BEPA,0.981507192,0.028529959,0.002508339,0.0817194,0.002036879,8.10E-05,40.11989991,1009.097067,25.1520335
Unicorn+C14,56,0.865499973,UNI_C14_BEPA,1.33,0.143,1.45,0.12,0.2,50.94,UNI,C14,UNI+C14,BEPA,0.202115408,0.005277061,0.000567383,0.016827946,0.000376753,1.83E-05,44.66576814,918.6467453,20.56713191
Unicorn+C2,69,0.865866661,UNI_C2_BEPA,0.94,0.084,0.91,0.12,0.23,51.16,UNI,C2,UNI+C2,BEPA,0.229097621,0.004209378,0.000376157,0.01907446,0.000300526,1.21E-05,63.47024719,1570.640845,24.74609624
Unicorn+C4,77,0.863699973,UNI_C4_BEPA,1.81,0.229,1.69,0.19,0.33,49.78,UNI,C4,UNI+C4,BEPA,0.003372922,0.000122639,1.55E-05,0.000280826,8.76E-06,5.01E-07,32.07331317,560.5896141,17.47838183
Unicorn+C6,78,0.852133334,UNI_C6_BEPA,1.87,0.244,2.17,0.28,0.38,49.62,UNI,C6,UNI+C6,BEPA,0.002366135,8.92E-05,1.16E-05,0.000197002,6.37E-06,3.76E-07,30.94444236,524.4360904,16.94766654
Unicorn+F11,79,0.840433359,UNI_F11_BEPA ,1.65,0.205,2.04,0.18,0.2,50.45,UNI,F11,UNI+F11,BEPA,0.148774969,0.004865782,0.000604537,0.012386869,0.00034739,1.95E-05,35.65699448,634.6480457,17.79869714
Unicorn+F3,91,0.825066686,UNI_F3_BEPA,1.31,0.139,1.21,0.18,0.31,50.74,UNI,F3,UNI+F3,BEPA,0.006640889,0.000171454,1.82E-05,0.000552914,1.22E-05,5.87E-07,45.16964473,941.3720511,20.8408115
Unicorn+I10,92,0.821166694,UNI_I10_BEPA,1.37,0.091,1.02,0.19,0.44,51.58,UNI,I10,UNI+I10,BEPA,0.095153119,0.002527332,0.000167874,0.007922362,0.000180437,5.42E-06,43.90644534,1461.724691,33.29180214
Unicorn+I12,89,0.81946665,UNI_I12_BEPA,1.49,0.106,0.63,0.17,0.73,51.03,UNI,I12,UNI+I12,BEPA,0.089163373,0.002603438,0.000185211,0.007423662,0.000185871,5.98E-06,39.93988475,1241.496046,31.08411687
Unicorn+I6,101,0.84646666,UNI_I6_BEPA,1.68,0.145,2.07,0.26,0.41,49.82,UNI,I6,UNI+I6,BEPA,0.008178882,0.000275803,2.38E-05,0.000680966,1.97E-05,7.69E-07,34.58294301,886.056383,25.62119663
Unicorn+L10,98,0.83403331,UNI_L10_BEPA ,1.56,0.097,1.19,0.15,0.29,51.62,UNI,L10,UNI+L10,BEPA,0.745889192,0.022541401,0.001401613,0.062102058,0.00160933,4.53E-05,38.58876764,1372.372173,35.56403215
Unicorn+L14,103,0.83586669,UNI_L14_BEPA,1.57,0.115,0.86,0.17,0.32,50.84,UNI,L14,UNI+L14,BEPA,0.136658685,0.004220184,0.000309122,0.011378078,0.000301297,9.98E-06,37.7636007,1140.074781,30.18977957
Unicorn+L6,108,0.850000024,UNI_L6_BEPA,1.62,0.112,1.47,0.21,0.41,51.24,UNI,L6,UNI+L6,BEPA,0.045267557,0.001431176,9.89E-05,0.003768936,0.000102178,3.19E-06,36.88600442,1179.822668,31.98564567
Unicorn+L8,105,0.859200001,UNI_L8_BEPA,1.44,0.125,1.39,0.14,0.31,51.15,UNI,L8,UNI+L8,BEPA,0.009876978,0.000278062,2.41E-05,0.000822348,1.99E-05,7.79E-07,41.4238684,1055.26434,25.4747898
Unicorn+N11,101,0.846333325,UNI_N11_BEPA,1.14,0.081,0.83,0.12,0.26,50.61,UNI,N11,UNI+N11,BEPA,0.00788271,0.00017756,1.26E-05,0.000656307,1.27E-05,4.07E-07,51.77248291,1611.302036,31.12274988
Unicorn+N5,113,0.838833332,UNI_N5_BEPA ,0.84,0.053,0.83,0.08,0.16,51.09,UNI,N5,UNI+N5,BEPA,0.004885068,8.03E-05,5.07E-06,0.000406726,5.73E-06,1.64E-07,70.9290469,2485.911541,35.04786332
Unicorn+N7,109,0.842433333,UNI_N7_BEPA,1.07,0.109,1.44,0.11,0.18,51.14,UNI,N7,UNI+N7,BEPA,0.002411099,5.04E-05,5.14E-06,0.000200746,3.60E-06,1.66E-07,55.73711089,1209.928936,21.70777991
Unicorn+N9,104,0.864400029,UNI_N9_BEPA ,1.66,0.195,1.79,0.2,0.33,49.71,UNI,N9,UNI+N9,BEPA,0.007910371,0.000264156,3.10E-05,0.00065861,1.89E-05,1.00E-06,34.92232764,657.4077042,18.82485357
Bloomfield+A3,77,0.830500007,BL_A3_VAAN,1.17,0.109,0.31,0.12,0.39,50.83,BL,A3,BL+A3,VAAN,0.80643735,0.018562497,0.001729327,0.067143243,0.001325258,5.58E-05,50.66426603,1202.5946,23.73654439
Bloomfield+A7,77,0.85133332,BL_A7_VAAN,1.09,0.121,0.4,0.1,0.4,51.15,BL,A7,BL+A7,VAAN,1.057889522,0.022543491,0.002502534,0.088078923,0.001609479,8.08E-05,54.72511055,1090.149112,19.92045518
Bloomfield+A9,77,0.840300024,BL_A9_VAAN,1.14,0.128,0.37,0.09,0.39,51.31,BL,A9,BL+A9,VAAN,4.588992743,0.101957742,0.011447887,0.382075378,0.007279212,0.000369599,52.48856152,1033.755141,19.69486516
Bloomfield+C10,77,0.862500012,BL_C10_VAAN,1.08,0.119,0.36,0.09,0.37,50.88,BL,C10,BL+C10,VAAN,1.202342077,0.025521412,0.002812082,0.100105912,0.001822086,9.08E-05,54.94027825,1102.619779,20.06942473
Bloomfield+C12,78,0.839600027,BL_C12_VAAN ,1.27,0.114,0.41,0.11,0.39,50.47,BL,C12,BL+C12,VAAN,2.424954897,0.061020264,0.00547741,0.201899548,0.004356505,0.00017684,46.34438157,1141.705494,24.63525146
Bloomfield+C14,78,0.87650001,BL_C14_VAAN,1.31,0.101,0.39,0.1,0.46,51.01,BL,C14,BL+C14,VAAN,3.346394423,0.085939555,0.006625874,0.278617768,0.006135603,0.000213919,45.4100035,1302.445583,28.68190889
Bloomfield+C2,76,0.843200028,BL_C2_VAAN,0.95,0.087,0.29,0.06,0.27,51.54,BL,C2,BL+C2,VAAN,0.022285681,0.000410776,3.76E-05,0.001855486,2.93E-05,1.21E-06,63.26861338,1527.744747,24.14696111
Bloomfield+C4,76,0.843033314,BL_C4_VAAN,1.09,0.106,0.36,0.09,0.36,50.77,BL,C4,BL+C4,VAAN,1.871187012,0.040173209,0.003906752,0.155793335,0.002868142,0.000126131,54.31855059,1235.170571,22.73938751
Bloomfield+C6,77,0.792266667,BL_C6_VAAN,1.42,0.143,0.46,0.1,0.4,50.68,BL,C6,BL+C6,VAAN,2.070635546,0.058017018,0.005842559,0.172399239,0.00414209,0.000188629,41.62131231,913.9579319,21.95889272
Bloomfield+E1,74,0.776566684,BL_E1_VAAN,1.2,0.082,0.38,0.09,0.38,51.07,BL,E1,BL+E1,VAAN,0.009126344,0.000214443,1.47E-05,0.000759851,1.53E-05,4.73E-07,49.63089641,1606.118716,32.36126753
Bloomfield+F1,76,0.792200029,BL_F1_VAAN,1.42,0.132,0.44,0.11,0.35,51.26,BL,F1,BL+F1,VAAN,0.872158614,0.024160461,0.002245902,0.072615136,0.001724922,7.25E-05,42.09764146,1001.452392,23.78880045
Bloomfield+F11,79,0.860300004,BL_F11_VAAN ,1.29,0.107,0.36,0.12,0.44,51.32,BL,F11,BL+F11,VAAN,4.909088061,0.123396797,0.010235238,0.408726224,0.008809841,0.000330449,46.3942806,1236.882678,26.66024049
Bloomfield+F13,79,0.867699981,BL_F13_VAAN ,1.22,0.11,0.38,0.09,0.34,51.21,BL,F13,BL+F13,VAAN,0.190426002,0.004536609,0.000409038,0.015854696,0.000323888,1.32E-05,48.95109968,1200.570667,24.52591821
Bloomfield+F3,78,0.809499979,BL_F3_VAAN,1.63,0.144,0.46,0.1,0.35,51.67,BL,F3,BL+F3,VAAN,1.279920242,0.040376814,0.003567031,0.106565,0.002882679,0.000115163,36.96735385,925.3405774,25.03129061
Bloomfield+F5,78,0.814566672,BL_F5_VAAN,1.45,0.128,0.42,0.14,0.59,52.18,BL,F5,BL+F5,VAAN,2.960709227,0.082273445,0.007262759,0.246505968,0.005873864,0.000234481,41.96658014,1051.283245,25.05048639
Bloomfield+F9,78,0.858466685,BL_F9_VAAN,1.58,0.121,0.52,0.12,0.41,51.09,BL,F9,BL+F9,VAAN,0.041898426,0.001295743,9.92E-05,0.003488425,9.25E-05,3.20E-06,37.70911354,1088.870344,28.87552218
Bloomfield+G14,80,0.884566665,BL_G14_VAAN,1.28,0.114,0.37,0.09,0.42,51.12,BL,G14,BL+G14,VAAN,5.000037013,0.125196545,0.011150317,0.416298552,0.008938333,0.000359992,46.57451949,1156.409448,24.82922982
Bloomfield+I10,80,0.834566653,BL_I10_VAAN,1.46,0.117,0.5,0.13,0.44,50.94,BL,I10,BL+I10,VAAN,1.600791589,0.04588056,0.00367673,0.133280457,0.003275615,0.000118705,40.68867919,1122.790466,27.59466487
Bloomfield+I12,80,0.852666676,BL_I12_VAAN,1.17,0.103,0.35,0.07,0.3,50.86,BL,I12,BL+I12,VAAN,0.211579187,0.004867237,0.000428483,0.017615891,0.000347493,1.38E-05,50.69416821,1273.399775,25.11925572
Bloomfield+I14,80,0.83496666,BL_I14_VAAN,1.09,0.107,0.37,0.08,0.38,52.04,BL,I14,BL+I14,VAAN,0.295507685,0.006189535,0.000607597,0.024603702,0.000441898,1.96E-05,55.67731678,1254.23567,22.52686987
Bloomfield+I2,78,0.78396666,BL_I2_VAAN,1.42,0.124,0.39,0.1,0.35,51.57,BL,I2,BL+I2,VAAN,0.321024489,0.008839534,0.000771903,0.026728208,0.000631093,2.49E-05,42.35223117,1072.509342,25.32356177
Bloomfield+I4,78,0.812099993,BL_I4_VAAN,1.17,0.135,0.42,0.09,0.32,50.75,BL,I4,BL+I4,VAAN,0.214958127,0.004955685,0.00057181,0.017897219,0.000353808,1.85E-05,50.58452687,969.455582,19.16506177
Bloomfield+I6,78,0.865133345,BL_I6_VAAN,0.94,0.087,0.31,0.07,0.29,51.54,BL,I6,BL+I6,VAAN,0.470057384,0.00857303,0.000793461,0.039136552,0.000612066,2.56E-05,63.94168374,1527.744747,23.89278258
Bloomfield+I8,79,0.852199972,BL_I8_VAAN,1.39,0.094,0.32,0.11,0.48,51.53,BL,I8,BL+I8,VAAN,0.662757104,0.017877593,0.001208988,0.055180556,0.00127636,3.90E-05,43.23274882,1413.702176,32.69979852
Bloomfield+J1,76,0.769999981,BL_J1_VAAN,1.61,0.155,0.45,0.11,0.33,51.27,BL,J1,BL+J1,VAAN,4.219546322,0.132503795,0.012756577,0.351315604,0.009460029,0.000411851,37.1368402,853.0161562,22.96954053
Bloomfield+K1,74,0.760100007,BL_K1_VAAN ,1.18,0.078,0.25,0.07,0.31,51.48,BL,K1,BL+K1,VAAN,2.16710769,0.049673409,0.003283497,0.180431423,0.003546403,0.000106009,50.87729797,1702.039258,33.45380604
Bloomfield+L10,79,0.825399995,BL_L10_VAAN,1.32,0.121,0.41,0.09,0.4,51.53,BL,L10,BL+L10,VAAN,9.315020919,0.238614935,0.021873036,0.775560202,0.017035771,0.000706179,45.52539459,1098.247971,24.12385397
Bloomfield+L12,79,0.83313334,BL_L12_VAAN,1.49,0.141,0.41,0.08,0.34,51.62,BL,L12,BL+L12,VAAN,0.674218454,0.019461168,0.001841627,0.056134818,0.001389418,5.95E-05,40.40166277,944.1141899,23.36820134
Bloomfield+L14,80,0.840499997,BL_L14_VAAN,1.28,0.121,0.39,0.09,0.38,52.21,BL,L14,BL+L14,VAAN,11.07240483,0.271455242,0.025661003,0.921878394,0.019380385,0.000828476,47.56759903,1112.740667,23.3928281
Bloomfield+L2,73,0.758866668,BL_L2_VAAN,1.1,0.073,0.32,0.08,0.24,52.38,BL,L2,BL+L2,VAAN,0.17024349,0.003575178,0.000237262,0.014174319,0.000255248,7.66E-06,55.53161658,1850.411298,33.32176177
Bloomfield+L4,77,0.807299972,BL_L4_VAAN,1.26,0.087,0.4,0.08,0.43,52.63,BL,L4,BL+L4,VAAN,0.909232615,0.021767682,0.001503007,0.075701884,0.001554091,4.85E-05,48.71136867,1560.054444,32.02649579
Bloomfield+L6,78,0.838400006,BL_L6_VAAN ,1.31,0.12,0.4,0.11,0.45,52.21,BL,L6,BL+L6,VAAN,0.209744891,0.005262705,0.00048208,0.01746317,0.000375728,1.56E-05,46.47826471,1122.013506,24.14060665
Bloomfield+N1,77,0.76546669,BL_N1_VAAN,1.05,0.086,0.29,0.09,0.38,52.38,BL,N1,BL+N1,VAAN,0.544116752,0.010907266,0.000893357,0.045302668,0.000778718,2.88E-05,58.17597928,1570.697962,26.99908076
Bloomfield+N11,78,0.82676667,BL_N11_VAAN,1.69,0.167,0.53,0.11,0.43,52.77,BL,N11,BL+N11,VAAN,0.503045023,0.016110405,0.001591975,0.041883073,0.001150193,5.14E-05,36.41395885,814.8848817,22.37836554
Bloomfield+N13,79,0.832966685,BL_N13_VAAN ,1.55,0.134,0.47,0.1,0.36,52.2,BL,N13,BL+N13,VAAN,0.271623676,0.008065454,0.000697272,0.022615141,0.000575828,2.25E-05,39.27410639,1004.595763,25.57908646
Bloomfield+N3,78,0.770099998,BL_N3_VAAN,1.6,0.11,0.41,0.08,0.34,52.72,BL,N3,BL+N3,VAAN,0.295040512,0.008954189,0.0006156,0.024564806,0.000639279,1.99E-05,38.42580074,1235.971208,32.16513863
Bloomfield+N5,78,0.803433359,BL_N5_VAAN,1.29,0.093,0.43,0.1,0.38,52.37,BL,N5,BL+N5,VAAN,1.182852239,0.029136517,0.00210054,0.098483206,0.002080184,6.78E-05,47.34350108,1452.196089,30.67361003
Bloomfield+N7,78,0.848100007,BL_N7_VAAN ,1.83,0.116,0.52,0.13,0.45,51.75,BL,N7,BL+N7,VAAN,0.230796947,0.008161515,0.000517342,0.019215945,0.000582687,1.67E-05,32.97818666,1150.477163,34.88600435
Bloomfield+N9,78,0.840933323,BL_N9_VAAN,1.54,0.139,0.53,0.11,0.39,51.84,BL,N9,BL+N9,VAAN,1.054120048,0.031314523,0.002826441,0.08776508,0.002235682,9.13E-05,39.25651835,961.7801957,24.49988527
Dunphys Pond+A11,46,0.810400009,DP_A11_VAAN,1.39,0.073,0.37,0.09,0.33,52.09,DP,A11,DP+A11,VAAN,1.055268818,0.02815941,0.001478875,0.087860726,0.002010424,4.77E-05,43.70257881,1840.166562,42.10658987
Dunphys Pond+A13,50,0.812266648,DP_A13_VAAN,1.85,0.113,0.48,0.13,0.48,51.56,DP,A13,DP+A13,VAAN,1.690331383,0.060649982,0.003704566,0.140735459,0.004330069,0.000119603,32.50189536,1176.68469,36.20357141
Dunphys Pond+A3,47,0.83859998,DP_A3_VAAN,1.16,0.072,0.29,0.11,0.48,51.95,DP,A3,DP+A3,VAAN,0.12424095,0.002774196,0.000172192,0.010344189,0.000198062,5.56E-06,52.22699881,1860.710006,35.62735841
Dunphys Pond+A5,50,0.820533335,DP_A5_VAAN ,1.16,0.065,0.38,0.13,0.45,52.48,DP,A5,DP+A5,VAAN,5.103138005,0.11279802,0.006320579,0.424882647,0.008053147,0.000204062,52.75982479,2082.121685,39.46415086
Dunphys Pond+A7,49,0.79096669,DP_A7_VAAN ,1.2,0.047,0.33,0.1,0.38,52.7,DP,A7,DP+A7,VAAN,0.056106142,0.001277559,5.00E-05,0.004671347,9.12E-05,1.62E-06,51.21496457,2891.60119,56.46008377
Dunphys Pond+A9,47,0.782400012,DP_A9_VAAN,1.43,0.083,0.4,0.12,0.43,51.78,DP,A9,DP+A9,VAAN,0.077326077,0.002135502,0.000123949,0.006438099,0.000152463,4.00E-06,42.22731968,1608.827908,38.09921918
Dunphys Pond+C10,55,0.81766665,DP_C10_VAAN,1.48,0.088,0.42,0.14,0.43,51.45,DP,C10,DP+C10,VAAN,0.242333107,0.006970904,0.000414486,0.020176435,0.000497684,1.34E-05,40.54069328,1507.746554,37.19094154
Dunphys Pond+C12,57,0.827799976,DP_C12_VAAN,1.36,0.087,0.38,0.1,0.43,52.16,DP,C12,DP+C12,VAAN,0.388061878,0.010118178,0.000647266,0.03230968,0.000722381,2.09E-05,44.72663052,1546.12274,34.56828117
Dunphys Pond+C14,59,0.814499974,DP_C14_VAAN ,1.55,0.097,0.48,0.14,0.4,51.61,DP,C14,DP+C14,VAAN,0.657396081,0.019743537,0.001235563,0.054734202,0.001409578,3.99E-05,38.83020366,1372.106312,35.33605758
Dunphys Pond+C2,51,0.82553333,DP_C2_VAAN ,1.11,0.085,0.36,0.13,0.46,51.68,DP,C2,DP+C2,VAAN,1.20272948,0.025832618,0.001978173,0.100138167,0.001844304,6.39E-05,54.29589967,1567.939196,28.87767226
Dunphys Pond+C4,54,0.84133333,DP_C4_VAAN,1.86,0.129,0.61,0.13,0.44,51.94,DP,C4,DP+C4,VAAN,0.904156361,0.032378337,0.002245594,0.075279239,0.002311632,7.25E-05,32.56540687,1038.335906,31.8846287
Dunphys Pond+C6,56,0.823599994,DP_C6_VAAN,1.29,0.068,0.38,0.12,0.5,52.01,DP,C6,DP+C6,VAAN,0.260582326,0.006463203,0.000340696,0.021695848,0.000461437,1.10E-05,47.01805406,1972.438989,41.95067254
Dunphys Pond+C8,55,0.810333312,DP_C8_VAAN ,1.85,0.121,0.46,0.13,0.49,51.31,DP,C8,DP+C8,VAAN,0.086261487,0.003110188,0.000203423,0.007182053,0.00022205,6.57E-06,32.34430277,1093.559158,33.80994686
Dunphys Pond+E1,58,0.815699995,DP_E1_VAAN,1.15,0.081,0.35,0.1,0.43,52.5,DP,E1,DP+E1,VAAN,9.462476693,0.207273299,0.01459925,0.787837236,0.014798154,0.000471342,53.23888735,1671.475141,31.39575646
Dunphys Pond+F1,61,0.828433335,DP_F1_VAAN ,1.11,0.082,0.39,0.11,0.42,51.42,DP,F1,DP+F1,VAAN,0.087062425,0.001879411,0.000138839,0.007248739,0.000134179,4.48E-06,54.02273918,1617.125992,29.93417246
Dunphys Pond+F11,68,0.827033341,DP_F11_VAAN ,0.99,0.06,0.33,0.1,0.34,52.14,DP,F11,DP+F11,VAAN,0.290882088,0.005523078,0.000334732,0.024218579,0.000394317,1.08E-05,61.41908465,2241.018357,36.48732914
Dunphys Pond+F13,72,0.797733307,DP_F13_VAAN,0.98,0.068,0.4,0.09,0.45,52.15,DP,F13,DP+F13,VAAN,1.587082996,0.029824378,0.002069447,0.132139092,0.002129294,6.68E-05,62.05770985,1977.748381,31.86950317
Dunphys Pond+F3,65,0.845499992,DP_F3_VAAN ,1.24,0.063,0.36,0.09,0.42,52.2,DP,F3,DP+F3,VAAN,1.044163831,0.024803892,0.001260198,0.086936135,0.001770859,4.07E-05,49.09263299,2136.759242,43.5250487
Dunphys Pond+F5,66,0.837633312,DP_F5_VAAN ,1.08,0.053,0.32,0.09,0.33,51.93,DP,F5,DP+F5,VAAN,1.065572032,0.022160943,0.001087528,0.088718562,0.001582167,3.51E-05,56.07406937,2526.783839,45.06153855
Dunphys Pond+F7,67,0.860966682,DP_F7_VAAN ,1.32,0.056,0.33,0.1,0.42,52.58,DP,F7,DP+F7,VAAN,0.309300478,0.007764866,0.000329419,0.025752078,0.000554368,1.06E-05,46.45304187,2421.353469,52.12475591
Dunphys Pond+F9,64,0.822466671,DP_F9_VAAN,1.35,0.055,0.35,0.12,0.42,51.81,DP,F9,DP+F9,VAAN,1.914277456,0.049879841,0.002032142,0.159381007,0.003561142,6.56E-05,44.75559459,2429.274214,54.27867144
Dunphys Pond+G14,79,0.802266657,DP_G14_VAAN,1.11,0.061,0.41,0.09,0.32,52.21,DP,G14,DP+G14,VAAN,0.107174492,0.002278561,0.000125218,0.008923251,0.000162677,4.04E-06,54.85272681,2207.239684,40.23937937
Dunphys Pond+I10,81,0.830966651,DP_I10_VAAN ,1.25,0.069,0.35,0.08,0.27,51.88,DP,I10,DP+I10,VAAN,0.008606155,0.000207357,1.14E-05,0.000716541,1.48E-05,3.70E-07,48.40134853,1938.994219,40.06074784
Dunphys Pond+I12,79,0.81613332,DP_I12_VAAN ,1.28,0.091,0.39,0.15,0.59,52.18,DP,I12,DP+I12,VAAN,1.977242035,0.048502679,0.003448237,0.16462338,0.00346282,0.000111328,47.54026657,1478.72808,31.10474945
Dunphys Pond+I14,84,0.794766665,DP_I14_VAAN ,1.24,0.059,0.36,0.13,0.53,52.14,DP,I14,DP+I14,VAAN,1.435015054,0.034127707,0.001623818,0.119478053,0.002436527,5.24E-05,49.03620468,2279.001719,46.47589946
Dunphys Pond+I2,73,0.850333333,DP_I2_VAAN,1.18,0.081,0.39,0.08,0.31,51.89,DP,I2,DP+I2,VAAN,0.159759293,0.003632992,0.000249383,0.013301414,0.000259375,8.05E-06,51.28249789,1652.054192,32.21477619
Dunphys Pond+I4,76,0.875466645,DP_I4_VAAN,1.36,0.076,0.35,0.1,0.44,52.31,DP,I4,DP+I4,VAAN,3.561038068,0.092582905,0.005173751,0.296488803,0.006609901,0.000167037,44.85525388,1774.993493,39.57158503
Dunphys Pond+I6,78,0.882333338,DP_I6_VAAN,1.26,0.073,0.38,0.08,0.42,52.51,DP,I6,DP+I6,VAAN,2.823990795,0.067762872,0.003925944,0.235122915,0.00483789,0.000126751,48.60030342,1855.003766,38.16856348
Dunphys Pond+I8,78,0.873666644,DP_I8_VAAN,1.41,0.116,0.48,0.14,0.45,51.89,DP,I8,DP+I8,VAAN,0.231541943,0.006291658,0.000517612,0.019277972,0.000449189,1.67E-05,42.91726774,1153.589565,26.8793804
Dunphys Pond+K1,80,0.847666681,DP_K1_VAAN,1.64,0.093,0.34,0.14,0.59,52.65,DP,K1,DP+K1,VAAN,3.378014368,0.1052221,0.005966863,0.281250416,0.007512269,0.000192643,37.4388099,1459.960361,38.99590732
Dunphys Pond+L10,93,0.791366696,DP_L10_VAAN,1.08,0.081,0.37,0.11,0.45,52.18,DP,L10,DP+L10,VAAN,2.487243317,0.051479931,0.003860995,0.207085625,0.003675379,0.000124654,56.34401964,1661.287102,29.48471041
Dunphys Pond+L12,93,0.775600016,DP_L12_VAAN,1.02,0.087,0.36,0.1,0.47,52.13,DP,L12,DP+L12,VAAN,37.04961256,0.724930075,0.061832271,3.084717174,0.051755951,0.001996279,59.6012078,1545.233482,25.92621088
Dunphys Pond+L14,93,0.779333353,DP_L14_VAAN ,1.12,0.086,0.34,0.14,0.61,52.85,DP,L14,DP+L14,VAAN,8.868057534,0.187932345,0.014430519,0.738346436,0.013417318,0.000465895,55.02936184,1584.791663,28.79901947
Dunphys Pond+L2,84,0.841666639,DP_L2_VAAN,1.04,0.068,0.33,0.08,0.37,51.97,DP,L2,DP+L2,VAAN,2.669862964,0.053428083,0.003493375,0.222290371,0.003814466,0.000112785,58.27561762,1970.92202,33.82069724
Dunphys Pond+L4,85,0.859099984,DP_L4_VAAN,1.43,0.068,0.32,0.09,0.31,52.44,DP,L4,DP+L4,VAAN,12.17019306,0.33187216,0.015781333,1.013279248,0.023693815,0.000509507,42.76555898,1988.746406,46.5034587
Dunphys Pond+L6,90,0.833333313,DP_L6_VAAN ,1.72,0.076,0.39,0.1,0.46,52.26,DP,L6,DP+L6,VAAN,4.570865301,0.15043797,0.006647259,0.380566104,0.010740429,0.000214609,35.4330442,1773.296883,50.04641636
Dunphys Pond+L8,91,0.833266675,DP_L8_VAAN ,1.36,0.075,0.36,0.12,0.4,51.92,DP,L8,DP+L8,VAAN,5.680033778,0.148783627,0.008204979,0.472914466,0.010622318,0.000264901,44.52083314,1785.250067,40.09920616
Dunphys Pond+N1,87,0.861800015,DP_N1_VAAN,1.4,0.111,0.43,0.1,0.4,51.4,DP,N1,DP+N1,VAAN,0.025775145,0.000702047,5.57E-05,0.002146015,5.01E-05,1.80E-06,42.81565485,1194.168958,27.89094228
Dunphys Pond+N11,96,0.641600013,DP_N11_VAAN,1,0.072,0.32,0.12,0.51,52.5,DP,N11,DP+N11,VAAN,1.676184972,0.031927333,0.002298768,0.139557642,0.002279433,7.42E-05,61.22472046,1880.409534,30.71324001
Dunphys Pond+N13,95,0.700733304,DP_N13_VAAN,1.1,0.068,0.29,0.11,0.44,52.11,DP,N13,DP+N13,VAAN,1.431758099,0.030223257,0.001868347,0.119206882,0.002157771,6.03E-05,55.24537113,1976.231412,35.77189131
Dunphys Pond+N3,89,0.827300012,DP_N3_VAAN,1.6,0.109,0.51,0.16,0.43,52.47,DP,N3,DP+N3,VAAN,9.808731571,0.299103688,0.020376439,0.816666104,0.02135433,0.000657861,38.24358431,1241.395606,32.46023165
Dunphys Pond+N5,92,0.751100004,DP_N5_VAAN ,1.2,0.057,0.36,0.07,0.22,53.16,DP,N5,DP+N5,VAAN,6.451068307,0.145622309,0.00691706,0.537110102,0.010396618,0.00022332,51.66200221,2405.114486,46.55480591
Dunphys Pond+N7,94,0.758166671,DP_N7_VAAN,1.07,0.063,0.26,0.08,0.39,52.52,DP,N7,DP+N7,VAAN,2.188067113,0.04457791,0.002624681,0.182176485,0.003182613,8.47E-05,57.24116277,2149.858149,37.55790493
Dunphys Pond+N9,95,0.840466678,DP_N9_VAAN,1.74,0.1,0.46,0.13,0.47,52.19,DP,N9,DP+N9,VAAN,2.102428345,0.070094373,0.004028412,0.175046279,0.005004346,0.000130059,34.97885233,1345.900438,38.47754709
TNNP North+A1,33,0.858366668,TN_A1_VAAN ,1.52,0.071,0.36,0.12,0.46,52.12,TN,A1,TN+A1,VAAN,0.073056251,0.002130574,9.95E-05,0.006082597,0.000152111,3.21E-06,39.98787507,1893.091894,47.3416477
TNNP North+A11,67,0.774033308,TN_A11_VAAN ,1.22,0.05,0.33,0.08,0.39,52.23,TN,A11,TN+A11,VAAN,0.085637027,0.002000329,8.20E-05,0.007130061,0.000142812,2.65E-06,49.92610694,2693.863953,53.95702005
TNNP North+A13,75,0.791899979,TN_A13_VAAN,1.45,0.067,0.34,0.11,0.53,52.21,TN,A13,TN+A13,VAAN,0.107760095,0.002992763,0.000138286,0.008972008,0.000213667,4.46E-06,41.99070811,2009.576429,47.85764563
TNNP North+A3,39,0.814733326,TN_A3_VAAN,1.31,0.055,0.33,0.1,0.42,52.08,TN,A3,TN+A3,VAAN,0.263711092,0.006633286,0.000278497,0.021956347,0.000473579,8.99E-06,46.36253641,2441.93401,52.67041451
TNNP North+A5,47,0.815599978,TN_A5_VAAN ,1.22,0.067,0.39,0.13,0.54,51.45,TN,A5,TN+A5,VAAN,0.056635226,0.001342954,7.38E-05,0.004715398,9.59E-05,2.38E-06,49.18051315,1980.323832,40.26643288
TNNP North+A7,52,0.651933312,TN_A7_VAAN ,1.58,0.08,0.43,0.09,0.36,52.19,TN,A7,TN+A7,VAAN,0.172013695,0.005207542,0.000263673,0.014321704,0.000371789,8.51E-06,38.5210146,1682.375547,43.6742273
TNNP North+A9,58,0.803266644,TN_A9_VAAN ,0.99,0.027,0.21,0.07,0.37,52.24,TN,A9,TN+A9,VAAN,0.003692238,7.00E-05,1.91E-06,0.000307412,5.00E-06,6.16E-08,61.53688113,4989.592079,81.08295363
TNNP North+C10,64,0.664900005,TN_C10_VAAN ,1.14,0.096,0.41,0.15,0.53,52.26,TN,C10,TN+C10,VAAN,0.058136312,0.001268186,0.000106795,0.004840377,9.05E-05,3.45E-06,53.46038247,1403.860032,26.25982021
TNNP North+C12,76,0.768133342,TN_C12_VAAN ,1.13,0.076,0.34,0.13,0.47,52.14,TN,C12,TN+C12,VAAN,0.188431015,0.004083756,0.00027466,0.015688596,0.000291557,8.87E-06,53.80964053,1769.225019,32.87933168
TNNP North+C14,76,0.769966662,TN_C14_VAAN,1.2,0.066,0.35,0.14,0.41,52.2,TN,C14,TN+C14,VAAN,0.176369289,0.004054466,0.000222996,0.014684347,0.000289466,7.20E-06,50.72905409,2039.633822,40.20642329
TNNP North+C2,35,0.835466683,TN_C2_VAAN,1.26,0.072,0.37,0.11,0.5,52,TN,C2,TN+C2,VAAN,0.052148195,0.001263591,7.22E-05,0.004341811,9.02E-05,2.33E-06,48.1282761,1862.500872,38.69868242
TNNP North+C4,46,0.84436667,TN_C4_VAAN ,1.12,0.053,0.32,0.12,0.54,52.17,TN,C4,TN+C4,VAAN,0.297440476,0.006385534,0.000302173,0.024764625,0.000455891,9.76E-06,54.32132085,2538.461638,46.73048443
TNNP North+C6,52,0.756500006,TN_C6_VAAN,0.92,0.093,0.35,0.16,0.62,51.24,TN,C6,TN+C6,VAAN,0.259538577,0.004659943,0.000471059,0.021608947,0.000332694,1.52E-05,64.95144257,1420.861707,21.87575289
TNNP North+C8,55,0.802299976,TN_C8_VAAN ,1.27,0.09,0.37,0.16,0.55,52.07,TN,C8,TN+C8,VAAN,0.118971951,0.002901755,0.000205636,0.009905497,0.000207169,6.64E-06,47.81359121,1492.006468,31.20465185
TNNP North+E1,42,0.758233309,TN_E1_VAAN,1.03,0.073,0.36,0.14,0.49,52,TN,E1,TN+E1,VAAN,0.002737045,5.42E-05,3.84E-06,0.000227884,3.87E-06,1.24E-07,58.87536688,1836.987161,31.20128602
TNNP North+F1,61,0.796366692,TN_F1_VAAN,1.22,0.092,0.39,0.11,0.5,52.73,TN,F1,TN+F1,VAAN,1.214048885,0.028089126,0.002118196,0.10108061,0.002005406,6.84E-05,50.40405167,1478.071971,29.32446742
TNNP North+F11,78,0.748666644,TN_F11_VAAN ,1.15,0.081,0.38,0.11,0.47,52.39,TN,F11,TN+F11,VAAN,0.519574711,0.011405057,0.000803313,0.04325932,0.000814257,2.59E-05,53.12733921,1667.973003,31.39575646
TNNP North+F13,76,0.750866652,TN_F13_VAAN,1.1,0.068,0.38,0.14,0.46,52.36,TN,F13,TN+F13,VAAN,0.299283307,0.006287464,0.00038868,0.024918057,0.00044889,1.25E-05,55.51041321,1985.712468,35.77189131
TNNP North+F3,57,0.75546664,TN_F3_VAAN ,1.19,0.089,0.44,0.12,0.55,52.3,TN,F3,TN+F3,VAAN,0.018500471,0.000420948,3.15E-05,0.001540332,3.01E-05,1.02E-06,51.25334742,1515.435022,29.56753263
TNNP North+F5,48,0.784033358,TN_F5_VAAN,1.29,0.086,0.36,0.18,0.68,52.97,TN,F5,TN+F5,VAAN,0.146781314,0.003574625,0.000238308,0.012220879,0.000255208,7.69E-06,47.88591277,1588.390055,33.17029921
TNNP North+F7,54,0.734099984,TN_F7_VAAN ,1.2,0.071,0.42,0.1,0.45,52.35,TN,F7,TN+F7,VAAN,0.051242016,0.001174602,6.95E-05,0.004266364,8.39E-05,2.24E-06,50.87482724,1901.445906,37.37498503
TNNP North+F9,73,0.765133321,TN_F9_VAAN,1.05,0.074,0.38,0.14,0.42,52.07,TN,F9,TN+F9,VAAN,0.005502421,0.000110957,7.82E-06,0.000458127,7.92E-06,2.52E-07,57.83167699,1814.602461,31.37731007
TNNP North+I10,75,0.792566657,TN_I10_VAAN,1.16,0.064,0.31,0.16,0.48,52.72,TN,I10,TN+I10,VAAN,0.727826575,0.016014394,0.000883553,0.060598181,0.001143338,2.85E-05,53.00110447,2124.325514,40.08077822
TNNP North+I12,85,0.752766669,TN_I12_VAAN,1.07,0.086,0.37,0.16,0.5,51.93,TN,I12,TN+I12,VAAN,0.225987304,0.004656392,0.000374252,0.018815498,0.00033244,1.21E-05,56.59812609,1557.203994,27.51334896
TNNP North+I14,90,0.739000022,TN_I14_VAAN,0.94,0.069,0.36,0.11,0.44,51.81,TN,I14,TN+I14,VAAN,0.080278905,0.001456517,0.000106915,0.006683949,0.000103987,3.45E-06,64.27665181,1936.377997,30.12568238
TNNP North+I2,64,0.798300028,TN_I2_VAAN,0.99,0.073,0.37,0.11,0.41,52.15,TN,I2,TN+I2,VAAN,0.014165256,0.000268909,1.98E-05,0.001179386,1.92E-05,6.40E-07,61.4308643,1842.286163,29.98958559
TNNP North+I4,58,0.799633324,TN_I4_VAAN,1.04,0.088,0.36,0.13,0.48,52.4,TN,I4,TN+I4,VAAN,0.22901112,0.004545259,0.000384599,0.019067258,0.000324506,1.24E-05,58.75779033,1535.586383,26.13417514
TNNP North+I6,52,0.866666675,TN_I6_VAAN,1.69,0.094,0.51,0.12,0.45,51.93,TN,I6,TN+I6,VAAN,0.208694339,0.006791709,0.000377764,0.017375702,0.00048489,1.22E-05,35.83431652,1424.675994,39.75730899
TNNP North+I8,63,0.782433331,TN_I8_VAAN,1.13,0.099,0.44,0.13,0.47,51.73,TN,I8,TN+I8,VAAN,0.053366722,0.001165753,0.000102132,0.004443265,8.32E-05,3.30E-06,53.38651141,1347.512869,25.24069907
TNNP North+K1,61,0.808633327,TN_K1_VAAN,0.98,0.073,0.33,0.09,0.36,51.92,TN,K1,TN+K1,VAAN,0.003648692,6.89E-05,5.13E-06,0.000303787,4.92E-06,1.66E-07,61.78401334,1834.161027,29.68666048
TNNP North+L10,76,0.830566645,TN_L10_VAAN,1.28,0.115,0.48,0.14,0.48,51.8,TN,L10,TN+L10,VAAN,0.068139028,0.001683744,0.000151274,0.005673194,0.00012021,4.88E-06,47.19405535,1161.60255,24.61332347
TNNP North+L12,85,0.757099986,TN_L12_VAAN,1.41,0.11,0.42,0.15,0.48,52.69,TN,L12,TN+L12,VAAN,0.150841191,0.004036555,0.000314909,0.012558901,0.000288187,1.02E-05,43.57893308,1235.267886,28.34552842
TNNP North+L2,61,0.764833331,TN_L2_VAAN ,1.45,0.093,0.38,0.18,0.68,51.95,TN,L2,TN+L2,VAAN,0.20009944,0.005585066,0.000358215,0.016660098,0.000398742,1.16E-05,41.78159905,1440.549682,34.47808879
TNNP North+L8,65,0.824733317,TN_L8_VAAN,1.04,0.078,0.39,0.13,0.4,51.44,TN,L8,TN+L8,VAAN,0.121258167,0.002451565,0.000183867,0.010095845,0.000175028,5.94E-06,57.68131173,1700.716773,29.48471041
TNNP North+N1,58,0.792133331,TN_N1_VAAN,1,0.056,0.24,0.07,0.33,52,TN,N1,TN+N1,VAAN,0.093750415,0.001802893,0.000100962,0.007805575,0.000128716,3.26E-06,60.64162788,2394.643978,39.48845145
TNNP North+N11,81,0.748866677,TN_N11_VAAN ,1.46,0.082,0.37,0.14,0.55,51.85,TN,N11,TN+N11,VAAN,0.031820252,0.000895999,5.03E-05,0.002649325,6.40E-05,1.62E-06,41.41554802,1630.649216,39.37287549
TNNP North+N13,81,0.800400019,TN_N13_VAAN ,1.01,0.083,0.34,0.14,0.65,52.18,TN,N13,TN+N13,VAAN,0.106261422,0.002056804,0.000169024,0.00884723,0.000146844,5.46E-06,60.2490507,1621.256088,26.90923872
TNNP North+N3,60,0.758833349,TN_N3_VAAN,1.41,0.076,0.41,0.14,0.52,51.44,TN,N3,TN+N3,VAAN,0.11955079,0.003276956,0.00017663,0.00995369,0.000233956,5.70E-06,42.54508099,1745.472477,41.02642271
TNNP North+N5,61,0.746800005,TN_N5_VAAN,1.31,0.096,0.43,0.13,0.64,51.58,TN,N5,TN+N5,VAAN,0.07175494,0.001822392,0.000133549,0.005974251,0.000130109,4.31E-06,45.91742757,1385.593197,30.17575831
TNNP North+N7,61,0.773333311,TN_N7_VAAN,1.4,0.065,0.42,0.11,0.46,52.61,TN,N7,TN+N7,VAAN,0.154425036,0.004109391,0.000190793,0.012857289,0.000293388,6.16E-06,43.82357202,2087.27938,47.62914759
TNNP North+N9,71,0.770433307,TN_N9_VAAN ,1.17,0.065,0.32,0.11,0.58,52.66,TN,N9,TN+N9,VAAN,4.484136233,0.099628549,0.005534919,0.37334512,0.007112921,0.000178697,52.48829922,2089.263108,39.80435906
Unicorn+A1,59,0.86953336,UNI_A1_VAAN ,1.68,0.062,0.43,0.15,0.68,53.02,UNI,A1,UNI+A1,VAAN,0.211206334,0.006692317,0.000246978,0.017584848,0.000477794,7.97E-06,36.80424806,2205.330437,59.92054052
Unicorn+A11,52,0.890133321,UNI_A11_VAAN ,1.21,0.069,0.36,0.12,0.56,51.96,UNI,A11,UNI+A11,VAAN,0.239765576,0.005583455,0.000318395,0.019962665,0.000398627,1.03E-05,50.07849626,1941.984187,38.77880391
Unicorn+A3,63,0.87803334,UNI_A3_VAAN,1.37,0.061,0.34,0.09,0.45,52.22,UNI,A3,UNI+A3,VAAN,0.187694632,0.004924198,0.000219253,0.015627285,0.00035156,7.08E-06,44.45123257,2207.662446,49.66481959
Unicorn+A7,54,0.869066656,UNI_A7_VAAN ,1.53,0.066,0.36,0.08,0.35,52.39,UNI,A7,UNI+A7,VAAN,0.207759563,0.00606742,0.000261732,0.017297873,0.00043318,8.45E-06,39.93231378,2047.057776,51.26318969
Unicorn+A9,53,0.861100018,UNI_A9_VAAN ,1.25,0.064,0.36,0.11,0.42,52.47,UNI,A9,UNI+A9,VAAN,0.107129243,0.002552155,0.00013067,0.008919484,0.00018221,4.22E-06,48.95178792,2114.251891,43.19049377
Unicorn+C12,63,0.873000026,UNI_C12_VAAN ,1.43,0.06,0.34,0.11,0.41,52.47,UNI,C12,UNI+C12,VAAN,0.620888833,0.016921499,0.000709993,0.051694642,0.0012081,2.29E-05,42.79002441,2255.202017,52.70391986
Unicorn+C2,69,0.865866661,UNI_C2_VAAN,1.04,0.071,0.29,0.12,0.37,51.4,UNI,C2,UNI+C2,VAAN,0.061646535,0.001247323,8.52E-05,0.005132635,8.91E-05,2.75E-06,57.63645845,1866.940202,32.39165369
Unicorn+C6,78,0.852133334,UNI_C6_VAAN,1.07,0.077,0.39,0.13,0.48,52.5,UNI,C6,UNI+C6,VAAN,0.140109579,0.002855567,0.000205494,0.011665397,0.000203871,6.63E-06,57.21936491,1758.305019,30.72919494
Unicorn+C8,70,0.844500005,UNI_C8_VAAN,1.24,0.103,0.47,0.13,0.43,52.15,UNI,C8,UNI+C8,VAAN,1.083972631,0.025774229,0.002140924,0.090250579,0.001840136,6.91E-05,49.0456094,1305.69796,26.62211717
Unicorn+F1,87,0.834766686,UNI_F1_VAAN ,1.14,0.061,0.31,0.09,0.51,52.94,UNI,F1,UNI+F1,VAAN,1.165404136,0.025095593,0.001342834,0.097030492,0.001791685,4.34E-05,54.15600169,2238.1013,41.32693017
Unicorn+F11,79,0.840433359,UNI_F11_VAAN ,1.36,0.088,0.31,0.1,0.44,51.56,UNI,F11,UNI+F11,VAAN,0.811868082,0.021414674,0.001385655,0.067595401,0.001528888,4.47E-05,44.21213707,1510.970113,34.1754598
Unicorn+F13,75,0.77093333,UNI_F13_VAAN,1.17,0.063,0.34,0.09,0.39,51.96,UNI,F13,UNI+F13,VAAN,0.745642177,0.016789864,0.00090407,0.062081492,0.001198702,2.92E-05,51.7905816,2126.935062,41.0679895
Unicorn+F3,91,0.825066686,UNI_F3_VAAN,1.26,0.074,0.38,0.1,0.44,52.22,UNI,F3,UNI+F3,VAAN,2.830136696,0.068287481,0.004010535,0.235634617,0.004875344,0.000129482,48.33189573,1819.829854,37.65277208
Unicorn+F5,93,0.844099998,UNI_F5_VAAN,1,0.088,0.3,0.11,0.47,51.72,UNI,F5,UNI+F5,VAAN,0.196356728,0.003796534,0.000334095,0.016348483,0.000271051,1.08E-05,60.31509604,1515.658926,25.12901456
Unicorn+F7,90,0.82796669,UNI_F7_VAAN ,1.26,0.078,0.28,0.12,0.51,52.61,UNI,F7,UNI+F7,VAAN,0.088295031,0.00211465,0.000130907,0.007351364,0.000150974,4.23E-06,48.6928578,1739.399483,35.72186069
Unicorn+I10,92,0.821166694,UNI_I10_VAAN ,1.35,0.061,0.39,0.12,0.43,52.62,UNI,I10,UNI+I10,VAAN,0.15548117,0.00398897,0.000180242,0.012945221,0.00028479,5.82E-06,45.45530569,2224.57292,48.93978573
Unicorn+I12,89,0.81946665,UNI_I12_VAAN,1.22,0.061,0.26,0.06,0.21,52.24,UNI,I12,UNI+I12,VAAN,0.507991609,0.01186351,0.000593176,0.042294921,0.000846988,1.92E-05,49.93566583,2208.50797,44.22706562
Unicorn+I2,97,0.854233325,UNI_I2_VAAN,1.49,0.078,0.45,0.07,0.26,52.51,UNI,I2,UNI+I2,VAAN,0.316994012,0.008994879,0.000470873,0.026392634,0.000642184,1.52E-05,41.09824316,1736.093268,42.2425178
Unicorn+I4,102,0.840366662,UNI_I4_VAAN ,1.36,0.073,0.37,0.09,0.32,52.63,UNI,I4,UNI+I4,VAAN,2.567538397,0.066347183,0.003561283,0.213770921,0.004736818,0.000114977,45.12965039,1859.242967,41.19781455
Unicorn+I6,101,0.84646666,UNI_I6_VAAN,1.06,0.072,0.34,0.08,0.38,52.47,UNI,I6,UNI+I6,VAAN,19.68071453,0.397590193,0.027006126,1.63859846,0.028385715,0.000871903,57.726165,1879.335014,32.55603441
Unicorn+I8,101,0.833033323,UNI_I8_VAAN,1.37,0.09,0.37,0.12,0.61,52.4,UNI,I8,UNI+I8,VAAN,0.121863663,0.00318613,0.000209308,0.010146258,0.000227472,6.76E-06,44.60445397,1501.462241,33.66171105
Unicorn+K1,108,0.860033333,UNI_K1_VAAN,1.06,0.065,0.34,0.11,0.39,51.36,UNI,K1,UNI+K1,VAAN,0.029941248,0.000617946,3.79E-05,0.002492881,4.41E-05,1.22E-06,56.50497112,2037.686161,36.06206889
Unicorn+L10,98,0.83403331,UNI_L10_VAAN,1.25,0.064,0.39,0.09,0.45,52.56,UNI,L10,UNI+L10,VAAN,3.450907833,0.082070677,0.004202019,0.28731946,0.005859387,0.000135664,49.03575325,2117.878395,43.19049377
Unicorn+L12,99,0.828599989,UNI_L12_VAAN,1.43,0.086,0.41,0.07,0.33,52.66,UNI,L12,UNI+L12,VAAN,0.662732967,0.017996736,0.001082321,0.055178546,0.001284866,3.49E-05,42.94497209,1579.09421,36.77017665
Unicorn+L14,103,0.83586669,UNI_L14_VAAN ,1.29,0.099,0.36,0.08,0.36,52.13,UNI,L14,UNI+L14,VAAN,0.881203278,0.021806105,0.001673492,0.073368186,0.001556834,5.40E-05,47.1265364,1357.932454,28.81460336
Unicorn+L2,109,0.845466673,UNI_L2_VAAN,1.1,0.066,0.31,0.09,0.39,51.96,UNI,L2,UNI+L2,VAAN,0.043264589,0.000915917,5.50E-05,0.003602171,6.54E-05,1.77E-06,55.08634589,2030.256195,36.85588802
Unicorn+L4,109,0.837933362,UNI_L4_VAAN ,1.2,0.078,0.39,0.07,0.31,52.96,UNI,L4,UNI+L4,VAAN,24.24205567,0.549291292,0.035703934,2.018371591,0.039216324,0.001152715,51.46763802,1750.971234,34.02081971
Unicorn+L6,108,0.850000024,UNI_L6_VAAN,1.3,0.083,0.46,0.12,0.45,51.91,UNI,L6,UNI+L6,VAAN,0.003116011,7.80E-05,4.98E-06,0.000259436,5.57E-06,1.61E-07,46.56667017,1612.867066,34.6356538
Unicorn+L8,105,0.859200001,UNI_L8_VAAN,1.28,0.073,0.45,0.12,0.47,52.1,UNI,L8,UNI+L8,VAAN,0.643601621,0.015812094,0.000901783,0.053585688,0.001128895,2.91E-05,47.46738,1840.519829,38.77441369
Unicorn+N1,115,0.835600019,UNI_N1_VAAN,1.18,0.068,0.35,0.11,0.54,53.03,UNI,N1,UNI+N1,VAAN,0.765189623,0.01702666,0.000981197,0.063708995,0.001215608,3.17E-05,52.40915135,2011.121699,38.3734834
Unicorn+N11,101,0.846333325,UNI_N11_VAAN,1.15,0.07,0.36,0.1,0.4,51.65,UNI,N11,UNI+N11,VAAN,0.200943052,0.004474047,0.000272333,0.016730336,0.000319422,8.79E-06,52.37692442,1902.820946,36.32937533
Unicorn+N13,103,0.804266691,UNI_N13_VAAN ,1.25,0.055,0.36,0.1,0.27,52.49,UNI,N13,UNI+N13,VAAN,10.19640881,0.242817889,0.010683987,0.848943759,0.017335839,0.000344937,48.97044688,2461.158145,50.25802911
Unicorn+N3,114,0.813899994,UNI_N3_VAAN,1.32,0.088,0.38,0.14,0.45,52.27,UNI,N3,UNI+N3,VAAN,9.369690563,0.236617401,0.015774493,0.780111947,0.016893158,0.000509286,46.17916506,1531.776722,33.17029921
Unicorn+N5,113,0.838833332,UNI_N5_VAAN ,1.31,0.075,0.37,0.09,0.35,52.31,UNI,N5,UNI+N5,VAAN,1.314826051,0.032927206,0.001885145,0.109471226,0.002350818,6.09E-05,46.56728647,1798.660073,38.62497064
Unicorn+N7,109,0.842433333,UNI_N7_VAAN,1.25,0.067,0.46,0.1,0.36,52.36,UNI,N7,UNI+N7,VAAN,0.105228672,0.002512144,0.000134651,0.008761244,0.000179353,4.35E-06,48.84916363,2015.349968,41.25659106
Unicorn+N9,104,0.864400029,UNI_N9_VAAN ,1.08,0.059,0.32,0.07,0.36,50.89,UNI,N9,UNI+N9,VAAN,0.020018735,0.000424842,2.32E-05,0.001666742,3.03E-05,7.49E-07,54.95107626,2224.365122,40.47900921